ID,Name,Price,Price/unit,Price/unit change,Last Price Update,Supplier,Order Code,Brand,Country of Origin,Category,Lead Time,Case,Pack,Unit,Purchase Amount,Converters,Display Name,Usable Percentage,Allergens,Label Certifications,Is Added Sugar,Notes
591304,4-1 strawberries,1.0,$1.00/g,"","",US Foods Chefstore,,"","",Food,,1.0,1.0,g,1/1g,"","",100,"","",true,""
509409,All spice,20.47,$1.28/oz,967.69%,2024-04-03,US Foods Chefstore,,McCormick,"",Food,,1.0,16.0,oz,1/16oz,4.92 tbsp = 1 oz,"",100,"","",,""
507952,Almond Extract,4.99,$2.50/floz,149.5%,2024-04-03,QFC,,"","",Uncategorized,,1.0,2.0,floz,1/2floz,"","",100,Tree nuts,"",false,""
508242,Amarena Cherries,96.32,$52.06/Kg,"","",Webstaurant,3639135050,Fabbri,"",Food,,1.0,1.85,Kg,1/1.85Kg,"","",100,"","",true,""
531505,"Andes mints, pieces",31.49,$6.30/lb,529.8%,2024-10-09,Webstaurant,999ANDESMINT,"","",Uncategorized,,1.0,5.0,lb,1/5lb,"","Andes mints: Sugar, Palm Kernel And Palm Oil, Cocoa (Processed With Alkali), Nonfat Milk, Lactose, Milk Protein Concentrate, Soy Lecithin (An Emulsifier), Natural And Artificial Flavors, Peppermint Oil, Colors Added (Yellow 5 Lake, Blue 1 Lake). Contains Milk and Soy.",100,"Milk, Soy",Gluten-Free,true,""
509741,Anise Extract,1.0,$0.06/oz,"","",Green Mountain Flavors,,GMF,"",Food,,1.0,16.0,oz,1/16oz,"","",100,"","",,""
509743,Annatto Extract,1.0,$0.06/oz,"","",Green Mountain Flavors,,GMF,"",Food,,1.0,16.0,oz,1/16oz,"","",100,"","",,""
527496,Apple cider,4.59,$0.05/floz,-94.84%,2024-10-14,US Foods Chefstore,,Washington Natural,"",Uncategorized,,1.0,89.0,floz,1/89floz,"","",100,"","",false,""
528843,Apple Cider Vinegar,1.0,$1.00/gal,"","",US Foods Chefstore,,"","",Food,,1.0,1.0,gal,1/1gal,"","",100,"","",false,""
587241,Apple Puree,1.0,$0.00/Kg,"",2025-12-05,Chef's Warehouse,,"","",Food,,1.0,1000.0,Kg,1/1000Kg,"","",100,"","",true,""
593309,applesauce,1.0,$1.00/g,"","",Amazon,,tree top,"",Food,,1.0,1.0,g,1/1g,"","Tree top applesauce (apples, water, vitamin c)",100,"","",false,""
509740,Apricot Jam,27.61,$5.02/lb,"","",Chef's Warehouse,380471N,Oregon Growers,"",Food,,1.0,5.5,lb,1/5.5lb,"","",100,"","",,""
539311,Avocado,1.0,$1.00/lb,"","",US Foods Chefstore,,"","",Food,,1.0,1.0,lb,1/1lb,"","",100,"","",false,""
507947,Baking powder,1.0,$0.02/oz,-99.13%,2024-04-03,US Foods Chefstore,,Red Star,"",Food,,1.0,60.0,oz,1/60oz,6.9 oz = 1 cup,"",100,"","",false,""
507941,Baking soda,4.59,$1.15/lb,359%,2024-04-04,US Foods Chefstore,,Arm & Hammer,"",Food,,1.0,4.0,lb,1/4lb,8.4 oz = 1 cup,"",100,"","",false,""
507939,Baking Vanilla,49.99,$1.56/floz,56.22%,2024-03-27,Amazon,,Native Vanilla,"",Food,,1.0,32.0,floz,1/32floz,1 tsp = 4.2 g,"",100,"","",,""
536648,Balsamic Vinegar,1.0,$1.00/floz,"","",Webstaurant,,boyajian,"",Food,,1.0,1.0,floz,1/1floz,"","grapes, wine vinegar, fig juice, naturally accruing sulfites",100,"","",,""
534915,Banana Flavor,16.0,$16.00/qt,"","",Green Mountain Flavors,52202Q,GMF,"",Uncategorized,,1.0,1.0,qt,1/1qt,1 gal = 8.77 lb,"",100,"","",false,""
506910,Bananas,9.95,$1.99/lb,99%,2024-04-03,US Foods Chefstore,,"","",Food,,1.0,5.0,lb,1/5lb,"","",100,"","",,""
587212,Basil,1.0,$1.00/lb,"","","",,"","",Uncategorized,,1.0,1.0,lb,1/1lb,"","",100,"","Gluten-Free, Vegan",false,""
506945,Beet Powder,19.99,$4.00/oz,-30.49%,2024-03-27,Amazon,,Suncore Foods,"",Food,,1.0,5.0,oz,1/5oz,1 oz = 1 tbsp,"",100,"","",false,""
593308,Bergamot GMF,1.0,$1.00/oz,"","",Green Mountain Flavors,,"","",Food,,1.0,1.0,oz,1/1oz,"","",100,"","",false,""
509695,Bettercreme,26.89,$6.72/Kg,"","",US Foods Chefstore,,Rich's,"",Food,,1.0,4.0,Kg,1/4Kg,"","Bettercreme (HIGH FRUCTOSE CORN SYRUP, WATER, HYDROGENATED VEGETABLE OIL (PALM, PALM KERNEL, COCONUT AND/OR COTTONSEED), CORN SYRUP, CONTAINS LESS THAN 2% OF THE FOLLOWING: SODIUM CASEINATE (A MILK DERIVATIVE), SOY PROTEIN CONCENTRATE, POLYSORBATE 60, CARBOHYDRATE GUM, SUGAR, SALT, ARTIFICIAL FLAVOR, POLYGLYCEROL ESTERS OF FATTY ACIDS, TO PRESERVE FRESHNESS (POTASSIUM SORBATE), XANTHAN GUM.)",100,"Milk, Soy, Tree nuts, Coconut*, Corn","",true,""
527488,Biscoff cookie butter,43.43,$0.39/oz,-61.5%,2024-10-14,Amazon,,Biscoff,"",Uncategorized,,8.0,14.1,oz,8/14.1oz,"","Biscoff cookie butter (Wheat flour, Sugar, Vegetable oils [contains one or more of soybean oil, sunflower oil, canola oil, palm oil], Brown sugar syrup, Sodium bicarbonate [leavening], Soy flour, Salt, Cinnamon], Canola oil, Sugar, Soy lecithin, Citric acid.)",100,"Gluten, Wheat, Soy",Vegan,true,""
553131,Biscoff Cookies,1.0,$1.00/g,"","","",,lotus,"",Uncategorized,,1.0,1.0,g,1/1g,"","Biscoff Cookies: Wheat flour, Sugar, Vegetable oils (contains one or more of soybean oil, sunflower oil, canola oil, palm oil), Brown sugar syrup, Sodium bicarbonate (leavening), Soy flour, Salt, Cinnamon.",100,"Gluten, Soy",Vegan,true,""
594064,Black Beans,1.0,$1.00/g,"","",US Foods Chefstore,,"","",Food,,1.0,1.0,g,1/1g,"","",100,"","",false,""
506936,Black Currant Puree,179.98,$30.00/Kg,1699.8%,2024-03-27,Chef's Warehouse,,Boiron,"",Food,,6.0,1.0,Kg,6/1Kg,"","",100,"","",false,""
563994,"Blackberries, Frozen",19.59,$3.92/lb,"","",US Foods Chefstore,,Flav R Pac,"",Food,,1.0,5.0,lb,1/5lb,"","",100,"","",false,""
590835,blackberry Barbeque sauce,1.0,$0.07/oz,-99.76%,2026-02-20,"",,woodinville sauce co.,"",Food,,1.0,15.0,oz,1/15oz,"","blackberries, turbinado sugar, tomato puree, brown sugar, honey, red wine vinegar, tomato paste, organic molasses, kosher salt, Worcestershire sauce (fish), 
natural hickory smoke flavor, onion powder, mustard powder, black pepper",100,Fish,"",true,""
510528,Blackberry flavor,1.0,$1.00/oz,"","","",,"","",Uncategorized,,1.0,1.0,oz,1/1oz,"","",100,"","",false,""
593313,Blackberry Jam,1.0,$1.00/g,"","",US Foods Chefstore,,danish orchards,"",Food,,1.0,1.0,g,1/1g,"","sugar, Blackberries, water, Fruit pectin, citric acid, potassium sorbrate",100,"","",true,""
510527,Blackberry puree,133.34,$22.22/Kg,-37%,2024-10-09,Chef's Warehouse,4404BO0701N,Boiron,"",Uncategorized,,6.0,1.0,Kg,6/1Kg,"","",100,"","",false,""
574610,Blackpepper,1.0,$1.00/g,"","","",,"","",Uncategorized,,1.0,1.0,g,1/1g,"","",100,"","",false,""
506905,Blood Orange Puree,131.84,$21.97/Kg,1218.4%,2024-03-20,Chef's Warehouse,4404BO0540,Boiron,"",Food,,6.0,1.0,Kg,6/1Kg,"","",100,"","",,""
482249,Blood Peach Puree,116.67,$19.45/Kg,94.45%,2024-03-20,Chef's Warehouse,4404BO0726N,Boiron,"",Food,,6.0,1.0,Kg,6/1Kg,"","",100,"","",,""
519848,Blue Moon Flavor,16.25,$16.25/pt,-2.64%,2024-10-14,Green Mountain Flavors,52140P,GMF,"",Food,,1.0,1.0,pt,1/1pt,1 gal = 8.17 lb,"",100,"","",false,""
509693,"Blueberries, Frozen",14.19,$2.84/lb,122.07%,2025-05-29,US Foods Chefstore,,Flav R Pac,"",Food,,1.0,5.0,lb,1/5lb,"","",100,"","",,""
590760,Blueberry Puree,1.0,$1.00/g,"","",Chef's Warehouse,,biron,"",Food,,1.0,1.0,g,1/1g,"","",100,"","",true,""
531506,Bourbon Whiskey Flavor (GMF),1.0,$1.00/floz,"","",Green Mountain Flavors,,"","",Uncategorized,,1.0,1.0,floz,1/1floz,"","",100,"","",false,""
530440,Boysenberry,1.0,$1.00/lb,"","","",,"","",Uncategorized,,1.0,1.0,lb,1/1lb,"","",100,"","",false,""
507936,Butter,112.89,$3.76/lb,-99.17%,2024-04-03,US Foods Chefstore,,Darigold Unsalted,"",Food,,30.0,1.0,lb,30/1lb,2 cup = 1 lb,"",100,Milk,"",,""
534916,Butter Pecan Flavor,12.0,$12.00/pt,"","",Green Mountain Flavors,52296P,GMF,"",Uncategorized,,1.0,1.0,pt,1/1pt,1 gal = 8.29 lb,"",100,Milk,"",,""
587222,Butterfinger Pieces,1.0,$1.00/lb,"","","",,"","",Uncategorized,,1.0,1.0,lb,1/1lb,"","Butterfinger Pieces: Corn Syrup, Sugar, Ground Roasted Peanuts, palm oil, Soy Lecithin, Non fat milk, peanut flour, less than 2% cocoa, Salt, natural flavor, annatto coloring",100,"Milk, Peanuts, Soy, Corn","",true,""
509119,Buttermilk,3.19,$6.38/gal,-60.12%,2024-04-03,US Foods Chefstore,,Glenview Farms,"",Uncategorized,,1.0,0.5,gal,1/0.5gal,8.6 oz = 1 cup,"",100,Milk,"",,""
590685,Buttermilk Powder,1.0,$0.00/g,-99.71%,2026-02-20,Amazon,,the saco pantry,"",Food,,1.0,340.2,g,1/340.2g,"","buttermilk powder- sweet cream churned buttermilk, sweet dairy whey, lactic acid",100,Milk,"",,""
509406,Butterscotch chips,51.49,$0.39/oz,524.12%,2024-04-04,US Foods Chefstore,,Nestle,"",Food,,12.0,11.0,oz,12/11oz,"","SUGAR, PALM KERNEL OIL, MILK, NONFAT MILK, 2% OR LESS OF HYDROGENATED PALM OIL, SOY LECITHIN, BUTTER, CARAMEL COLOR, NATURAL FLAVOR, ARTIFICIAL FLAVOR, SUNFLOWER LECITHIN, PAPRIKA OLEORESIN (FOR COLOR), ACETIC ACID.",100,"Milk, Artificial dye, Soy","",false,""
587218,Butterscotch Flavor (GMF),1.0,$1.00/floz,"","",Green Mountain Flavors,,"","",Uncategorized,,1.0,1.0,floz,1/1floz,"","",100,"","Gluten-Free, Vegan",false,""
510291,Cabernet,1.0,$1.00/each,"","","",,"","",Uncategorized,,1.0,1.0,each,1/1each,"","",100,"","",,""
586891,Candied Black Cherries,1.0,$1.00/lb,"","","",,"","",Uncategorized,,1.0,1.0,lb,1/1lb,"","",100,"","",true,""
576259,Candied Orange Pieces,1.0,$0.33/lb,"","","",,"","",Food,,1.0,3.0,lb,1/3lb,"","",100,"","",true,""
574609,Candy cane pieces,1.0,$1.00/g,"","","",,"","",Uncategorized,,1.0,1.0,g,1/1g,"","",100,"","",true,""
507441,Canola oil,15.59,$15.59/gal,1459%,2024-04-03,US Foods Chefstore,,Chefs pride,"",Food,,1.0,1.0,gal,1/1gal,"","",100,"","",,""
587236,Cantaloupe,1.0,$1.00/lb,"","","",,"","",Uncategorized,,1.0,1.0,lb,1/1lb,"","",100,"","Gluten-Free, Vegan",true,""
587237,Cantaloupe Flavor (GMF),1.0,$1.00/floz,"","",Green Mountain Flavors,,"","",Uncategorized,,1.0,1.0,floz,1/1floz,"","",100,"","",,""
587243,Caramel Sauce (Torani),1.0,$1.00/Kg,"",2025-11-30,US Foods Chefstore,,torani,"",Uncategorized,,1.0,1.0,Kg,1/1Kg,"","Torani Caramel Sauce: Corn Syrup, Sugar, Invert Sugar, Heavy Cream, Water, Butter (Cream, Salt), Nonfat Milk, Less Than 1% Of Lecithin, Salt, Caramel Color, Sodium Bicarbonate, Natural Flavors. Contains Milk.",100,"Milk, Soy, Artificial dye, Corn","",true,"milk,soy, corn"
506708,Cardamom (powdered),44.92,$44.92/lb,46.44%,2024-04-03,Chef's Warehouse,,Provvista,"",Food,,1.0,1.0,lb,1/1lb,4.88 tbsp = 1 oz,"",100,"","",,""
510535,"Carrots, chopped and peeled",1.0,$1.00/lb,"","","",,"","",Uncategorized,,1.0,1.0,lb,1/1lb,"","",100,"","",,""
507269,Cashew,29.19,$5.84/lb,-98.71%,2024-04-04,US Foods Chefstore,,Azar,"",Food,,1.0,5.0,lb,1/5lb,"","",100,Tree nuts,"",,""
528769,Chai Tea (bagged),4.79,$0.16/each,-84.03%,2024-10-14,US Foods Chefstore,,Stash,"",Uncategorized,,1.0,30.0,each,1/30each,"","",100,"","",,""
508255,Chamoy,9.99,$0.30/floz,"","",Amazon,,El Chilerito,"",Food,,1.0,33.8,floz,1/33.8floz,"","",100,"","",false,""
591301,chamoy sauce,1.0,$1.00/g,"","",Amazon,,chamoy mega,"",Food,,1.0,1.0,g,1/1g,"","water, iodized salt, high fructose corn syrup, citric acid, xanthan gum, red peppers, modified corn starch, sodium citrate, acetic acid, sodium benzoate, fd&c red 40, fc&d yellow 6, fc&d blue 1",100,"Artificial dye, Corn","",,""
510294,"Cherries, for wine",1.0,$1.00/lb,"","","",,"","",Uncategorized,,1.0,1.0,lb,1/1lb,"","",100,"","",,""
539396,cherry flavor gmf,1.0,$1.00/oz,"",2025-09-28,Green Mountain Flavors,,"","",Food,,1.0,1.0,oz,1/1oz,"","",100,"","",false,""
509736,Cherry Puree,98.02,$16.34/Kg,"","",Chef's Warehouse,4404BO0642,oiron,"",Food,,6.0,1.0,Kg,6/1Kg,"","",100,"","",,""
528772,chickpeas (aquafaba),2.69,$0.00/g,-96.52%,2024-11-05,US Foods Chefstore,,Garbanzo Beans,"",Food,,1.0,850.0,g,1/850g,9 g = 1 tbsp,"",44,"","",,""
519088,Chipotle Chile,1.0,$0.10/g,"","","",,"","",Food,,1.0,10.0,g,1/10g,"","",100,"","",,""
508248,Chocolate Chips (large),169.99,$4.86/lb,"","",Webstaurant,40842322,Ghiradelli,"",Food,,1.0,35.0,lb,1/35lb,"","Chocolate chips-large (Sugar, unsweetened chocolate, cocoa butter, whole milk powder, soy
lecithin, vanilla extract)",100,"Milk, Soy","",,""
519086,Chocolate Flavor,46.5,$93.00/gal,2356.8%,2024-10-14,Green Mountain Flavors,53554H,GMF,"",Food,,1.0,0.5,gal,1/0.5gal,1 gal = 8.75 lb,"",100,"","",false,""
507434,Chocolate sprinkles,17.09,$2.85/lb,1609%,2024-04-04,US Foods Chefstore,,graffiti sprinkles,"",Food,,1.0,6.0,lb,1/6lb,"","Chocolate sprinkles: sugar, corn starch, vegetable oil, cocoa, soy lecithin, dextrin, confectioners glaze, natural and artificial flavor, carnauba wax",100,"Soy, Corn","",true,""
506709,Cinnamon (powdered),13.59,$0.03/g,-60.6%,2024-10-14,US Foods Chefstore,,McCormick,"",Food,,1.0,510.0,g,1/510g,0.25 oz = 1 tbsp,"",100,"","",,""
506911,Cinnamon Flavor,1.0,$1.00/tsp,"","","",,"","",Food,,1.0,1.0,tsp,1/1tsp,"","",100,"","",,""
510292,Cinnamon sticks,4.99,$1.00/oz,-0.2%,2024-10-14,US Foods Chefstore,,Monarch,"",Uncategorized,,1.0,5.0,oz,1/5oz,"","",100,"","",,""
482250,Citric Acid Powder,7.19,$4.79/lb,-84.37%,2024-03-27,Webstaurant,10200001,Regal,"",Food,,1.0,1.5,lb,1/1.5lb,3.8 g = 1 tsp,"",100,"","",,""
509408,Cloves,1.0,$1.00/tbsp,"","","",,"","",Uncategorized,,1.0,1.0,tbsp,1/1tbsp,"","",100,"","",,""
509365,Cocoa Nibs,28.57,$28.57/Kg,-57.75%,2024-04-03,Chef's Warehouse,,Republica del Cocoa,"",Food,,1.0,1.0,Kg,1/1Kg,4.4 oz = 1 cup,"",100,"","",,""
506707,Cocoa Powder,143.48,$5.74/lb,-81.29%,2024-03-20,Webstaurant,40869096,Ghiradelli,"",Food,,1.0,25.0,lb,1/25lb,3.35 oz = 1 cup,"Cocoa Powder ('SUGAR, COCOA- PROCESSED WITH ALKALI, UNSWEETENED CHOCOLATE, SOY LECITHIN- AN EMULSIFIER, VANILLA.')",100,Soy,"",,""
528771,coconut milk,42.43,$0.11/oz,268.85%,2024-10-09,Chef's Warehouse,10441504,Pacific,"",Uncategorized,,12.0,32.0,oz,12/32oz,65 g = 4 tbsp,"Coconut Milk (Water, Coconut Cream*, Contains 1% Or Less Of: Coconut Water Concentrate*, Gellan Gum, Guar Gum*, Natural Flavor, Sodium Citrate, Tricalcium Phosphate, Vitamin D2, Xanthan Gum. )",100,"Tree nuts, Coconut*","",false,""
528835,Coconut Oil,1.0,$1.00/floz,"","","",,"","",Uncategorized,,1.0,1.0,floz,1/1floz,"","",100,Tree nuts,"",,""
574600,Cola GMF,1.0,$1.00/oz,"","",Green Mountain Flavors,,"","",Food,,1.0,1.0,oz,1/1oz,"","",100,"","",false,""
527484,Cold Brew Concentrate,1.0,$1.00/oz,"","","",,"","",Food,,1.0,1.0,oz,1/1oz,"","",100,"","",false,""
599650,condensed cream-oat milk,1.0,$1.00/g,"","","",,"","",Food,,1.0,1.0,g,1/1g,"","condensed oat cream (Water, Oats 20%, Cane Sugar, Virgin Coconut Oil, Guar Gum, Calcium Carbonate, Sea Salt)",100,Coconut*,"",,""
526263,Condensed Milk,1.0,$1.00/g,"","","",,"","",Uncategorized,,1.0,1.0,g,1/1g,"","",100,Milk,"",,""
510298,Coriander,1.0,$1.00/tbsp,"","","",,"","",Uncategorized,,1.0,1.0,tbsp,1/1tbsp,"","",100,"","",,""
529223,Corn Flakes,1.0,$1.00/oz,"","","",,"","",Uncategorized,,1.0,1.0,oz,1/1oz,"","",100,"","",false,""
599652,corn meal,1.0,$1.00/g,"","","",,"","",Food,,1.0,1.0,g,1/1g,"","",100,Corn,"",,""
507944,Cornstarch,2.49,$0.16/oz,-91.88%,2024-04-03,US Foods Chefstore,,Argo,"",Food,,1.0,16.0,oz,1/16oz,4.7 oz = 1 cup,"",100,"","",,""
506942,Cotton Candy Flavor,1.0,$0.01/g,"",2025-09-28,Green Mountain Flavors,,"","",Food,,1.0,100.0,g,1/100g,"","",100,"","",false,""
509844,Cranberries,1.0,$1.00/lb,"","","",,"","",Uncategorized,,1.0,1.0,lb,1/1lb,"","",100,"","",,""
586897,Cranberry Puree,1.0,$1.00/Kg,"","","",,"","",Uncategorized,,1.0,1.0,Kg,1/1Kg,"","",100,"","",true,""
509127,Cream cheese,9.49,$3.16/lb,-80.23%,2024-04-03,US Foods Chefstore,,Smithfield,"",Food,,1.0,3.0,lb,1/3lb,"","",100,Milk,"",,""
507945,Cream of Tartar,1.0,$1.00/tbsp,"","","",,"","",Food,,1.0,1.0,tbsp,1/1tbsp,2.46 tbsp = 1 oz,"",100,"","",,""
539312,Creme Fraiche,1.0,$1.00/lb,"","",Chef's Warehouse,,vermont creamery,"",Food,,1.0,1.0,lb,1/1lb,"",Creme Fraiche (Pasteurized cultured cream),100,Milk,"",,""
590690,cucumber,1.0,$1.00/lb,"","","",,"","",Food,,1.0,1.0,lb,1/1lb,"","",100,"","",false,""
509122,Dark brown sugar,3.69,$1.85/lb,84.5%,2024-04-03,US Foods Chefstore,,Domino,"",Food,,1.0,2.0,lb,1/2lb,"","",100,"","",,""
510543,Dark chocolate callets,1.0,$1.00/lb,"",2025-09-28,Chef's Warehouse,,"","",Uncategorized,,1.0,1.0,lb,1/1lb,"",Chocolate Callets (unsweetened chocolate; sugar; cocoa butter; lecithin (soy); natural vanilla flavor; milk),100,Soy,"",true,""
506723,Dark Chocolate Covered Espresso Beans,40.39,$17.56/Kg,3939%,2024-04-04,US Foods Chefstore,,Dilettante,"",Food,,1.0,2.3,Kg,1/2.3Kg,"","Dark Chocolate covered espresso beans (sugar, coffee liquor, cocoa butter, milk fat, vanilla, soy lecithin, espresso beans, confectionary glaze, gum arabic, natural flavors)",100,"Milk, Soy","",,""
509123,Dark cocoa powder,1.0,$1.00/lb,"",2025-09-28,Chef's Warehouse,,Valrhona,"",Uncategorized,,1.0,1.0,lb,1/1lb,"","",100,"","",false,""
528842,Dates,23.85,$4.77/lb,377%,2024-10-09,Chef's Warehouse,VN150598,Capitol Food Company,"",Uncategorized,,1.0,5.0,lb,1/5lb,"","",100,"","",,""
509407,Dehydrated mini mallows,13.69,$13.69/lb,1269%,2024-04-03,Amazon,,Hoosier hills,"",Food,,1.0,1.0,lb,1/1lb,"","",100,"","",,""
529222,Dried Apples,1.0,$1.00/lb,"","","",,"","",Food,,1.0,1.0,lb,1/1lb,"","",100,"","",true,""
590688,Dried Pears,1.0,$1.00/g,"","",Chef's Warehouse,,"","",Food,,1.0,1.0,g,1/1g,"","",100,"","",false,""
509836,Earl Grey Tea,1.0,$1.00/oz,"",2025-09-28,Amazon,,Tazo,"",Food,,1.0,1.0,oz,1/1oz,"","",100,"","",false,""
528830,Egg Replacer,1.0,$0.08/oz,-91.67%,2025-03-30,"",,bobs red mill,"",Uncategorized,,1.0,12.0,oz,1/12oz,"","potato starch, tapioca flour, baking soda, psyllium husk",100,"","Gluten-Free, Vegan",,""
519843,Eggnog Flavor,1.0,$1.00/Kg,"",2025-09-28,Green Mountain Flavors,,GMF,"",Food,,1.0,1.0,Kg,1/1Kg,"","",100,"","",false,""
508241,Enjoy Life- Vegan mini chocolate chips,112.18,$5.61/lb,"","",Webstaurant,409F00542W,Enjoy Life,"",Food,,4.0,5.0,lb,4/5lb,"","Enjoy Life mini chocolate chips (cane sugar, unsweetened chocolate, cocoa butter)",100,"",Vegan,true,""
506711,Espresso Powder,54.92,$2.29/oz,-91.93%,2024-03-20,Chef's Warehouse,10467704,Ferrera,"",Food,,12.0,2.0,oz,12/2oz,7 g = 1 tbsp,"",100,"","",false,""
590689,Fabbri Hazelnut Spread,1.0,$1.00/Kg,"","",Webstaurant,,"","",Food,,1.0,1.0,Kg,1/1Kg,"","",100,Tree nuts,"",true,""
539309,Farmers Market Strawberries,11.0,$11.00/lb,"","","",,"","",Food,,1.0,1.0,lb,1/1lb,"","",100,"","",true,""
507440,Fig spread,14.2,$4.06/lb,1320%,2024-03-27,Chef's Warehouse,925050A,Divina,"",Food,,1.0,3.5,lb,1/3.5lb,"","",100,"","",true,""
507260,Flour,42.49,$1.06/lb,-99.77%,2024-04-03,US Foods Chefstore,,Gold Medal AP Unbleached,"",Food,,4.0,10.0,lb,4/10lb,4.6 oz = 1 cup,"",100,Gluten,"",,""
509388,Food coloring,1.0,$1.00/g,"","","",,"","",Food,,1.0,1.0,g,1/1g,"","",100,Artificial dye,"",false,""
555091,Freeze Dried Strawberry Pieces,1.0,$1.00/g,"","","",,"","",Uncategorized,,1.0,1.0,g,1/1g,"","",100,"","",,""
555090,freeze dried strawberry powder,1.0,$1.00/g,"","","",,"","",Uncategorized,,1.0,1.0,g,1/1g,"","",100,"","",,""
507258,Fruit bracer,16.0,$16.00/lb,0%,2024-10-14,Green Mountain Flavors,,"","",Food,,1.0,1.0,lb,1/1lb,"","",100,"","",false,""
525586,Fruity cereal,1.0,$1.00/lb,"","","",,Kellogg,"",Uncategorized,,1.0,1.0,lb,1/1lb,"","",100,"","",true,""
594063,geletin,1.0,$1.00/g,"","","",,"","",Food,,1.0,1.0,g,1/1g,"","",100,"","",false,""
509393,Ginger,1.0,$1.00/cup,"",2025-09-28,US Foods Chefstore,,"","",Food,,1.0,1.0,cup,1/1cup,3.81 oz = 1 cup,"",100,"","",false,""
531507,Glazed Donuts,1.0,$1.00/dozen,"","",Haggen,,haggen bakery,"",Food,,1.0,1.0,dozen,1/1dozen,"","Glazed Donuts (Enriched Wheat Flour Bleached (flour,Niacin,Iron,Thiamine Mononitrate,Riboflavin,Folic Acid),Water,Dextrose,Soybean Oil,Apples,High Fructose Corn Syrup,Palm Oil,Sugar,Yeast,Contains 2% Or Less: Acidic Calcium Sulfate,Agar,Ascorbic Acid,Calcium Carbonate,Cellulose Gum,Cinnamon,Citric Acid,Defatted Soy Flour,Degermed Yellow Corn Meal,L-cysteine,Eggs,Modified Food Starch,Glycerin,Glyceryl Monooleate,Guar Gum,Hydrogenated Soybean Oil,Baking Soda,Sodium Acid Pyrophosphate,Malic Acid,Maltodextrin,Mono- & Diglycerides,Natural Flavor,Polysorbate 60,Potassium Sorbate (preservative),Benzoic Acid,Sodium Benzoate,Sodium Erythorbate,Sodium Metabisulfite,Salt,Sodium Stearoyl Lactylate,Spices,Spice Extractives,Oleoresin Paprika (color),Wheat Starch,Whey)",100,"Eggs, Gluten, Milk, Wheat, Corn, Soy","",,""
482247,Glucose,39.45,$3.59/lb,-20.93%,2024-03-27,Chef's Warehouse,,ifi,"",Uncategorized,,1.0,11.0,lb,1/11lb,"","",100,"","",true,""
506726,Glucose Powder,42.93,$3.90/lb,-13.96%,2024-03-20,Chef's Warehouse,1000237,IFi,"",Food,,1.0,11.0,lb,1/11lb,"","",100,"","",true,Has Corn
528773,Gluten Free Flour (bobs red mill),1.0,$0.04/lb,"","","",,"","",Uncategorized,,1.0,25.0,lb,1/25lb,"","Bobs Redmill Gluten Free Flour: sweet white rice flour, whole grain brown rice flour, potato starch, whole grain sorghum flour, tapioca flour, xantham gum) heat-treated, brown sugar",100,"",Gluten-Free,true,""
536652,Gluten Free Oreos-Double Stuffed,1.0,$1.00/g,"","","",,nabisco,"",Uncategorized,,1.0,1.0,g,1/1g,"","SUGAR, WHITE RICE FLOUR, TAPIOCA STARCH, PALM OIL, SOYBEAN AND/OR CANOLA OIL, WHOLE OAT FLOUR, CORNSTARCH, COCOA (PROCESSED WITH ALKALI), INVERT SUGAR, SOY LECITHIN, BAKING SODA, SALT, XANTHAN GUM, CHOCOLATE, ARTIFICIAL FLAVOR.CONTAINS: SOY.",100,Soy,"",false,""
536651,Gluten Free Oreos-Single Stuffed,1.0,$1.00/g,"","","",,"","",Uncategorized,,1.0,1.0,g,1/1g,"","SUGAR, WHITE RICE FLOUR, TAPIOCA STARCH, PALM OIL, SOYBEAN AND/OR CANOLA OIL, WHOLE OAT FLOUR, CORNSTARCH, COCOA (PROCESSED WITH ALKALI), INVERT SUGAR, SOY LECITHIN, BAKING SODA, SALT, XANTHAN GUM, CHOCOLATE, ARTIFICIAL FLAVOR.CONTAINS: SOY.",100,Soy,Gluten-Free,,""
529221,Gluten Free Rolled Oats,1.0,$1.00/lb,"",2025-09-28,Chef's Warehouse,,Bobs red mill,"",Food,,1.0,1.0,lb,1/1lb,"","",100,"",Gluten-Free,false,""
530612,GMF Cake Batter Flavor,1.0,$1.00/oz,"",2025-09-28,Green Mountain Flavors,,Gmf,"",Food,,1.0,1.0,oz,1/1oz,"","",100,"","",false,""
536655,GMF Caramel Color,1.0,$1.00/oz,"",2025-09-28,Green Mountain Flavors,,Gmf,"",Food,,1.0,1.0,oz,1/1oz,"","",100,"","",false,""
536654,GMF Caramel Flavor,1.0,$1.00/oz,"",2025-09-28,Green Mountain Flavors,,Gmf,"",Food,,1.0,1.0,oz,1/1oz,"","",100,"","",false,""
506909,Goat Cheese,6.39,$0.61/oz,114.67%,2024-04-04,US Foods Chefstore,,Glenview Farms,"",Food,,1.0,10.5,oz,1/10.5oz,"","",100,Milk,"",,""
510540,Golden oreos,1.0,$1.00/oz,"","","",,"","",Uncategorized,,1.0,1.0,oz,1/1oz,"","INGREDIENTS: UNBLEACHED ENRICHED FLOUR (WHEAT FLOUR, NIACIN, REDUCED IRON, THIAMINE MONONITRATE [VITAMIN B1], RIBOFLAVIN [VITAMIN B2], FOLIC ACID), SUGAR, SOYBEAN AND/OR CANOLA OIL, PALM OIL, HIGH FRUCTOSE CORN SYRUP, SALT, BAKING SODA, SOY LECITHIN, NATURAL AND ARTIFICIAL FLAVOR.CONTAINS: WHEAT, SOY.",100,"Gluten, Soy, Wheat","",,""
576266,Golden Raisins,1.0,$1.00/lb,"","","",,"","",Food,,1.0,1.0,lb,1/1lb,"","",100,"","",true,""
509701,Graham Cracker,5.49,$0.38/oz,"","",US Foods Chefstore,,Honeymaid,"",Food,,1.0,14.4,oz,1/14.4oz,"","",100,"Gluten, Soy","",,""
510299,Granny Smith Apple,1.0,$1.00/each,"","","",,"","",Uncategorized,,1.0,1.0,each,1/1each,"","",100,"","",,""
506904,Grapefruit Puree,128.87,$21.48/Kg,1188.7%,2024-03-27,Chef's Warehouse,4404BO0530,Boiron,"",Food,,6.0,1.0,Kg,6/1Kg,"","",100,"","",true,""
509713,Greek Yogurt,10.79,$2.16/lb,"","",US Foods Chefstore,,Zoi,"",Food,,1.0,5.0,lb,1/5lb,"","",100,Milk,"",,""
509739,Green color,164.0,$164.00/gal,1987.98%,2024-10-14,Green Mountain Flavors,57310G,GMF,"",Food,,1.0,1.0,gal,1/1gal,1 gal = 10.42 lb,"",100,"","",false,""
574628,Green sprinkles,1.0,$1.00/lb,"","","",,"","",Food,,1.0,1.0,lb,1/1lb,"","",100,"Artificial dye, Milk","",false,""
506985,Guava Puree,87.36,$14.56/Kg,773.6%,2024-03-27,Chef's Warehouse,,Boiron,"",Food,,6.0,1.0,Kg,6/1Kg,"","",100,"","",true,""
509366,Hazelnuts,27.1,$5.42/lb,442%,2024-10-09,Chef's Warehouse,VN160549,Capitol Food Company,"",Food,,1.0,5.0,lb,1/5lb,"","",100,Tree nuts,"",,""
507943,Heat treated flour,84.95,$2.83/lb,-100%,2024-03-27,Cookie Do,,Cookie Do,"",Food,,6.0,5.0,lb,6/5lb,"","",100,"Gluten, Wheat","",,""
506913,Heath Bar Pieces,28.99,$5.80/lb,27.82%,2024-04-03,US Foods Chefstore,,Heath,"",Food,,1.0,5.0,lb,1/5lb,"","",100,"Milk, Soy, Tree nuts","",,""
509697,Heavy Cream,13.49,$0.21/oz,"","",US Foods Chefstore,,Darigold,"",Food,,1.0,64.0,oz,1/64oz,8.4 oz = 1 cup,"",100,Milk,"",,""
590758,Heirloom Tomato,1.0,$1.00/lb,"","","",,"","",Food,,1.0,1.0,lb,1/1lb,"","",100,"","",false,""
507435,Hibiscus,13.88,$0.87/oz,1288%,2024-03-27,Amazon,,Magjo naturals,"",Food,,1.0,16.0,oz,1/16oz,"","",100,"","",,""
590780,Honey Flavor (GMF),1.0,$1.00/g,"","",Green Mountain Flavors,,"","",Uncategorized,,1.0,1.0,g,1/1g,"","",100,"","",false,""
519846,Honey Roasted Peanuts,1.0,$1.00/Kg,"","","",,"","",Food,,1.0,1.0,Kg,1/1Kg,"","",100,Peanuts,"",,""
590683,hot pepper paste,1.0,$1.00/oz,"","",Amazon,,incas food,PE,Food,,1.0,1.0,oz,1/1oz,"","yellow hot pepper, salt, citric acid, sodium benzoate",100,"","",false,""
591298,huckleberries,1.0,$1.00/lb,"","","",,"","",Food,,1.0,1.0,lb,1/1lb,"","",100,"","",false,""
482244,Ice Bracer,105.0,$21.00/lb,362.97%,2024-10-14,Green Mountain Flavors,IceBracer,GMF,"",Food,,1.0,5.0,lb,1/5lb,"","",100,"","",false,""
508267,Indonesian Vanilla Extract 2x,195.74,$195.74/gal,"","",Nielsen Massey,,Nielsen Massey,"",Food,,1.0,1.0,gal,1/1gal,1 tbsp = 13 g,"",100,"","",false,""
586896,kalamansi puree,1.0,$1.00/Kg,"","","",,"","",Uncategorized,,1.0,1.0,Kg,1/1Kg,"","",100,"","",true,""
588120,Kiwi Puree,1.0,$0.00/Kg,"",2025-12-08,Chef's Warehouse,,"","",Uncategorized,,1.0,1000.0,Kg,1/1000Kg,"","",100,"","",true,""
534918,Lady Fingers,5.29,$0.01/g,"","",US Foods Chefstore,,Roland,"",Food,,1.0,500.0,g,1/500g,"","",100,"Eggs, Gluten, Wheat","",,""
507263,Large Eggs,16.59,$0.28/each,-72.35%,2024-04-03,US Foods Chefstore,,Shell Lg Grade A,"",Food,,1.0,60.0,each,1/60each,1 each = 57 g,"",100,Eggs,"",,""
508257,Lavender Extract,13.5,$6.75/floz,"","",Amazon,,Angel Bake,"",Food,,1.0,2.0,floz,1/2floz,"","",100,"","",,""
590775,Lavender water flavor (GMF),1.0,$1.00/oz,4.32%,2026-04-09,Green Mountain Flavors,,"","",Food,,1.0,1.0,oz,1/1oz,"","",100,"","",false,""
509688,Lemon,5.49,$1.10/lb,"","",US Foods Chefstore,,Sunkist,"",Food,,1.0,5.0,lb,1/5lb,5 lb = 18 each,"",100,"","",,""
564472,Lemon emulsion GMF,1.0,$1.00/oz,"","","",,GMF,"",Food,,1.0,1.0,oz,1/1oz,"","",100,"","",false,""
508256,Lemon Oil,15.0,$4.41/floz,"","",Amazon,,Boyajian,"",Food,,1.0,3.4,floz,1/3.4floz,"","",100,"","",,""
506728,Lemon Puree,92.0,$15.33/Kg,53.33%,2024-03-20,Chef's Warehouse,4404BO0565,Boiron,"",Food,,6.0,1.0,Kg,6/1Kg,"","",100,"","",,""
507937,Light brown sugar,22.89,$0.92/lb,-100%,2024-04-03,US Foods Chefstore,,Domino,"",Food,,1.0,25.0,lb,1/25lb,"","",100,"","",,""
507268,Light corn syrup,20.29,$20.29/gal,-99.46%,2024-04-03,US Foods Chefstore,,Karo,"",Food,,1.0,1.0,gal,1/1gal,11.5 oz = 1 cup,"",100,"","",,""
506902,Lime Puree,111.31,$18.55/Kg,1013.1%,2024-03-27,Chef's Warehouse,4404BO0566,Boiron,"",Food,,6.0,1.0,Kg,6/1Kg,"","",100,"","",true,""
528840,Limes,10.59,$2.12/lb,111.8%,2024-10-14,US Foods Chefstore,,"","",Uncategorized,,1.0,5.0,lb,1/5lb,"","",100,"","",,""
539305,lychee puree,1.0,$0.17/oz,"",2025-09-28,Chef's Warehouse,,"","",Food,,1.0,6.0,oz,1/6oz,"","",100,"","",true,""
587219,M&M candy pieces,1.0,$1.00/lb,"","","",,"","",Uncategorized,,1.0,1.0,lb,1/1lb,"","milk chocolate (sugar, chocolate, skim milk, cocoa butter, lactose, milkfat, peanuts, soy lecithin, salt, natural flavor), sugar, cornstarch; less than 1% of: palm oil, corn syrup, dextrin, artifical colors ",100,"Artificial dye, Milk, Soy","",true,"corn, milk, soy, artifical colors"
482083,Madagascar Vanilla 2x (Bourbon Vanilla),284.42,$284.42/gal,-78.7%,2024-03-27,Nielsen Massey,,Nielsen Massey,"",Food,,1.0,1.0,gal,1/1gal,1 tbsp = 17 g,"",100,"","",,""
506912,Malted Milk Powder,89.09,$5.94/lb,30.94%,2024-04-04,US Foods Chefstore,,Carnation,"",Food,,6.0,2.5,lb,6/2.5lb,"","",100,"Gluten, Milk, Soy, Wheat","",,""
574599,Mami’s Oatrageous,1.0,$1.00/lb,"","","",,"","",Food,,1.0,1.0,lb,1/1lb,"","CANE SUGAR, GLUCOSE, MALTODEXTRIN, COCONUT OIL, PALM OIL, POTATO PROTEIN, OAT FLOUR,  SALT, LESS THAN 1% OF THE FOLLOWING: CELLULOSE GUM, XANTHAN GUM, MODIFIED FOOD STARCH, CALCIUM PHOSPHATE, MONO AND DI-GLYCERCIDES, POTASSIUM PHOSPHATE, SOY LECITHIN, SILICON DIOXIDE. ALLERGENS: SOY",100,"Soy, Tree nuts","Gluten-Free, Vegan",true,coconut allergen
506908,Mandarin Puree,87.96,$14.66/Kg,779.6%,2024-03-27,Chef's Warehouse,,Boiron,"",Food,,6.0,1.0,Kg,6/1Kg,"","",100,"","",true,""
591300,mango chunks (frozen),1.0,$1.00/lb,"","","",,"","",Food,,1.0,1.0,lb,1/1lb,"","",100,"","",true,""
507023,Mango Puree,114.94,$19.16/Kg,1049.4%,2024-03-27,Chef's Warehouse,4404BO0680,Boiron,"",Food,,6.0,1.0,Kg,6/1Kg,"","",100,"","",true,""
482084,Maple Flavor (GMF),10.0,$10.00/tsp,"","","",,"","",Food,,1.0,1.0,tsp,1/1tsp,"","",100,"","",,""
481939,Maple Syrup,66.41,$16.60/qt,66.03%,2024-03-20,Chef's Warehouse,917168,McClure's,"",Food,,1.0,1.0,gal,1/1gal,11.1 oz = 1 cup,"",100,"","",true,""
507439,Marionberry spread,25.21,$4.58/lb,2421%,2024-03-27,Chef's Warehouse,190174,Provvista,"",Uncategorized,,1.0,5.5,lb,1/5.5lb,"","",100,"","",,""
574615,Marsala wine,1.0,$1.00/floz,"","","",,"","",Food,,1.0,1.0,floz,1/1floz,"","",100,"","",false,""
527486,Marshmallow fluff,76.49,$4.25/lb,-73.44%,2024-10-14,Webstaurant,711885531,Jet-Puffed,"",Uncategorized,,6.0,3.0,lb,6/3lb,"","Jett Puff Creme (Corn syrup, Sugar, Water, dried egg whites, cream of tartar, xanthan gum, artificial and natural flavor)",100,"Eggs, Corn","",true,""
509832,"Marshmallows, Mini",3.19,$0.20/oz,"","",US Foods Chefstore,,Campfire,"",Food,,1.0,16.0,oz,1/16oz,"","",100,Soy,"",true,""
599651,masa harina,1.0,$1.00/g,"","","",,"","",Uncategorized,,1.0,1.0,g,1/1g,"","",100,Corn,"",,""
509833,Mascarpone,28.59,$5.72/lb,"","",US Foods Chefstore,,Bel Gioioso,"",Food,,1.0,5.0,lb,1/5lb,"","",100,Milk,"",,""
482114,Matcha Powder,36.26,$36.26/Kg,-99.64%,2024-03-20,Chef's Warehouse,10797092N,WA Imports,"",Food,,1.0,1.0,Kg,1/1Kg,"","",100,"",Organic,,""
481937,Meadowvale 16% Dairy Ice Cream Base,77.41,$3.87/qt,-1.73%,2025-11-19,Chef's Warehouse,,Meadowvale,"",Food,,2.0,10.0,qt,2/10qt,"","16% Meadowvale Dairy base-(Cream, milk, cane sugar, skim milk, nonfat milk, guar gum, locust bean gum)",100,Milk,"",true,""
519087,Meadowvale Coconut base,106.78,$5.34/qt,52.54%,2025-11-19,Chef's Warehouse,,Meadowvale,"",Food,,2.0,10.0,qt,2/10qt,"","Coconut Cream (Coconut Extract, Water), Cane Sugar, Water, Tapioca Syrup Solids, 2% or less of Locust Bean Gum, Sea Salt.
",100,Tree nuts,Vegan,true,Coconut allergen
574598,Meadowvale Peafection,90.7,$4.54/qt,8970%,2025-11-19,Chef's Warehouse,,"","",Food,,2.0,10.0,qt,2/10qt,"","Water, Cane Sugar, Coconut Oil, Tapioca Syrup, Blend (Dextrose, Pea Protein, Locust Bean Gum, Salt, Guar Gum), Natural Vanilla Flavor",100,"Pea protein, Tree nuts",Vegan,true,coconut oil
482229,Mexican Vanilla 2x,318.69,$318.69/gal,-99.16%,2024-03-27,Nielsen Massey,,Nielsen Massey,"",Food,,1.0,1.0,gal,1/1gal,1 tbsp = 13 g,"",100,"","",,""
574606,Mezcal,1.0,$1.00/floz,"","","",,"","",Food,,1.0,1.0,floz,1/1floz,"","",100,"","",true,""
506722,Milk Chocolate Covered Espresso Beans,40.39,$8.08/lb,78.09%,2024-04-04,US Foods Chefstore,,Dilettante,"",Food,,1.0,5.0,lb,1/5lb,"","",100,"Milk, Soy","",,""
507951,"Milk, Whole",3.79,$0.06/oz,"",2024-04-03,US Foods Chefstore,,Darigold,"",Uncategorized,,1.0,64.0,oz,1/64oz,8.55 oz = 1 cup,"",100,Milk,"",,""
574608,Mini Cadbury eggs,1.0,$1.00/g,"","","",,"","",Food,,1.0,1.0,g,1/1g,"","",100,Milk,"",true,""
509385,Mini Chips ahoy,4.29,$0.54/oz,758%,2024-04-03,QFC,,Nabisco,"",Uncategorized,,1.0,8.0,oz,1/8oz,8 oz = 35 each,"",100,"Gluten, Milk, Soy, Wheat","",,""
509124,Mini chocolate chips,142.49,$4.75/lb,374.97%,2024-10-09,Webstaurant,409C6000310,Barry Callebaut,"",Food,,1.0,30.0,lb,1/30lb,"",Mini Chocolate chips (sugar; unsweetened chocolate; cocoa butter; soy lecithin; natural vanilla extract),100,"Milk, Soy","",,""
519838,Mini Marshmallows,1.0,$1.00/oz,"","","",,"","",Food,,1.0,1.0,oz,1/1oz,"","",100,"","",true,""
509386,Mini oreos,4.29,$0.54/oz,758%,2024-04-03,QFC,,Nabisco,"",Uncategorized,,1.0,8.0,oz,1/8oz,8 oz = 72 each,"",100,"Gluten, Soy, Wheat","",,""
510289,"Mint, fresh",1.0,$1.00/lb,"","","",,"","",Uncategorized,,1.0,1.0,lb,1/1lb,"","",100,"","",,""
482082,Miso,7.85,$7.85/Kg,-97.77%,2024-03-20,Chef's Warehouse,10600173,Namikura,"",Food,,1.0,1.0,Kg,1/1Kg,"","",100,Soy,Gluten-Free,,Gluten Free White Kyoto Shiro
528767,Mixed Nuts,1.0,$1.00/lb,"","","",,"","",Uncategorized,,1.0,1.0,lb,1/1lb,3.2 cup = 1 lb,"",100,"Peanuts, Tree nuts","",,""
506720,Molasses,22.55,$22.55/gal,-94.04%,2024-04-04,Chef's Warehouse,GS521,Grandma's,"",Food,,1.0,1.0,gal,1/1gal,11.6 oz = 1 cup,"",100,"","",true,""
587224,Mounds Bars,1.0,$1.00/lb,"","","",,"","",Uncategorized,,1.0,1.0,lb,1/1lb,"","Corn Syrup
Coconut
Sugar
Chocolate
Cocoa
Peppermint Oil* (ARTIFICIAL FLAVOR) (Organic Cocoa**, Palm Kernel Oil, Coconut Oil, Palm Oil, Cinnamon*, Annatto Extract)
Contains 2% or Less of:
Salt
Soy Lecithin
PGPR
Hydrolyzed Milk Protein
Sodium Metabisulfite (TO MAINTAIN FRESHNESS)
Vanillin (ARTIFICIAL FLAVOR)",100,"Artificial dye, Milk, Soy, Tree nuts","",true,"Corn, Coconut, "
482242,Nectarine Puree,10.0,$10.00/Kg,"","","",,"","",Food,,1.0,1.0,Kg,1/1Kg,"","",100,"","",,""
587230,Nestle Crunch Bars,1.0,$1.00/lb,"","","",,"","",Uncategorized,,1.0,1.0,lb,1/1lb,"","Sugar, Chocolate, Cocoa Butter, Nonfat Milk, Milkfat, Lactose, Soy Lecithin, Natural Flavor, Rice Flour, Sugar, Barley Malt, Salt. 
",100,"Milk, Soy","",true,""
509696,Non-Dairy Whip Topping,5.79,$2.90/lb,"","",US Foods Chefstore,,Rich's,"",Food,,1.0,2.0,lb,1/2lb,"","",100,Soy,"",,""
509410,Nutmeg,1.0,$1.00/cup,"","","",,"","",Uncategorized,,1.0,1.0,cup,1/1cup,3.76 oz = 1 cup,"",100,"","",,""
510138,Nutter Butter,31.17,$0.01/g,"","",Amazon,,Nutter Butter,"",Food,,4.0,672.0,g,4/672g,"","",100,"Gluten, Peanuts, Soy, Wheat","",,""
594065,oat milk,1.0,$1.00/qt,-96.87%,2026-02-20,Chef's Warehouse,,minor figures,"",Food,,1.0,1.0,qt,1/1qt,"","water, organic oats, organic sunflower oil, salt, potassium corbonate ",100,"","Gluten-Free, Vegan",false,""
536811,Oat Soft Serve Mix (Vanilla),55.05,$18.35/gal,"","",Chef's Warehouse,10740150,Oatly,"",Food,,6.0,0.5,gal,6/0.5gal,"","",100,"","",false,""
576269,Orange bitters,1.0,$1.00/oz,"","","",,"","",Food,,1.0,1.0,oz,1/1oz,"","",100,"","",false,""
506906,Orange Blossom Water,9.95,$0.59/floz,-70.74%,2024-10-14,Amazon,,Cortas,"",Food,,1.0,17.0,floz,1/17floz,1 oz = 1 floz,"",100,"","",,""
506907,Orange Oil,49.99,$3.94/floz,-34.4%,2024-04-03,Amazon,,Boyajian,"",Food,,1.0,12.7,floz,1/12.7floz,"","",100,"","",,""
574623,Orange sprinkles,1.0,$1.00/g,"","","",,"","",Food,,1.0,1.0,g,1/1g,"","",100,"Artificial dye, Milk","",false,""
509860,Oranges,1.0,$1.00/each,"","","",,"","",Uncategorized,,1.0,1.0,each,1/1each,"","",100,"","",,""
482115,Oreo Pieces,46.39,$4.64/lb,-98.98%,2024-04-03,US Foods Chefstore,,Oreo,"",Food,,4.0,2.5,lb,4/2.5lb,"","oreo pieces (Unbleached flour, reduced iron, thaimine mononitrate, riboflavin, sugar, palm oil, soy bean or canola oil, invert sugar, leavining (baking soda), soy lecithin, salt, chocolate, natural flavor",100,"Gluten, Soy","",true,""
574607,Organic chai concentrate,1.0,$1.00/floz,"","","",,"","",Food,,1.0,1.0,floz,1/1floz,"","",100,"","",false,""
507436,Organic rose petals,13.99,$3.50/oz,1299%,2024-03-27,Amazon,,Green hill tea,"",Food,,1.0,4.0,oz,1/4oz,"","",100,"","",,""
506986,Passionfruit Puree,136.64,$22.77/Kg,1266.4%,2024-03-27,Chef's Warehouse,4404BO0720,Boiron,"",Food,,6.0,1.0,Kg,6/1Kg,"","",100,"","",true,""
519842,Pasteurized Egg Yolks,1.0,$1.00/Kg,"","","",,"","",Food,,1.0,1.0,Kg,1/1Kg,"","",100,Eggs,"",,""
586505,peach flavor gmf,1.0,$1.00/gal,"","",Green Mountain Flavors,,"","",Food,,1.0,1.0,gal,1/1gal,"","",100,"","",true,""
590686,Peach Jam,1.0,$1.00/lb,"","","",,orgeon growers,"",Uncategorized,,1.0,1.0,lb,1/1lb,"","peach, sugar, pectin",100,"","",false,""
510538,Peaches,1.0,$1.00/lb,"","","",,"","",Uncategorized,,1.0,1.0,lb,1/1lb,"","",100,"","",,""
510545,Peanut butter,1.0,$1.00/oz,"","","",,"","",Uncategorized,,1.0,1.0,oz,1/1oz,"","",100,Peanuts,"",,""
510141,Peanut Butter Chips,85.78,$3.43/lb,"","",Webstaurant,403340061625,Reese's,"",Food,,1.0,25.0,lb,1/25lb,"","",100,"Milk, Peanuts, Soy","",,""
510139,"Peanut Butter Cups, Mini",51.49,$5.15/lb,"","",Webstaurant,711PBCUPWHOL,TR Toppers,"",Food,,1.0,10.0,lb,1/10lb,"","",100,"Milk, Peanuts, Soy","",,""
509700,Peanut Butter Sauce,17.99,$4.00/lb,"","",US Foods Chefstore,,Reese's,"",Food,,1.0,4.5,lb,1/4.5lb,"","",100,"Peanuts, Soy","",,""
574602,Peapal,1.0,$1.00/oz,"",2025-09-28,Green Mountain Flavors,,Gmf,"",Food,,1.0,1.0,oz,1/1oz,"","",100,"","",false,""
590687,Pear Puree,1.0,$0.00/floz,"","",Chef's Warehouse,,boiron,"",Food,,1.0,1000.0,floz,1/1000floz,"","",100,"","",true,""
539392,Pecans,1.0,$1.00/lb,"","","",,"","",Uncategorized,,1.0,1.0,lb,1/1lb,"","",100,Tree nuts,"",,""
510297,Pepper,1.0,$1.00/tbsp,"",2025-09-28,US Foods Chefstore,,"","",Food,,1.0,1.0,tbsp,1/1tbsp,"","",100,"","",false,""
510293,Peppercorns,1.0,$1.00/each,"",2025-09-28,US Foods Chefstore,,"","",Food,,1.0,1.0,each,1/1each,"","",100,"","",false,""
527492,Peppermint candy,40.79,$4.08/lb,307.9%,2024-10-09,Webstaurant,#711PEPKRNCH,Peppermint Krunch,"",Food,,1.0,10.0,lb,1/10lb,"","",100,"","",true,""
508252,Peppermint Oil,8.99,$8.99/floz,"","",Amazon,,LorAnn,"",Food,,1.0,1.0,floz,1/1floz,"","",100,"","",,""
574620,Phyllo Dough,1.0,$1.00/g,"",2025-09-28,US Foods Chefstore,,Kronos,"",Food,,1.0,1.0,g,1/1g,"","",100,Gluten,"",false,""
590691,pickles,1.0,$1.00/gal,"","","",,"","",Uncategorized,,1.0,1.0,gal,1/1gal,"","",100,"","",false,""
598056,Pie Cherries,1.0,$1.00/oz,"","","",,"","",Food,,1.0,1.0,oz,1/1oz,"","",100,"","",true,""
509839,Pineapple chunks,1.0,$1.00/each,"","","",,"","",Uncategorized,,1.0,1.0,each,1/1each,"","",100,"","",true,""
509840,Pineapple Gmf,1.0,$1.00/floz,"",2025-10-24,Green Mountain Flavors,,"","",Uncategorized,,1.0,1.0,floz,1/1floz,"","",100,"","",false,""
506943,Pink Pitaya Powder,17.99,$3.60/oz,87.67%,2024-04-03,Amazon,,Suncore,"",Food,,1.0,5.0,oz,1/5oz,1 tsp = 4 g,"",100,"","",false,""
536657,Pink Sprinkle,1.0,$1.00/lb,"","","",,"","",Uncategorized,,1.0,1.0,lb,1/1lb,"","",100,"","",true,""
509738,Pistachio GMF,1.0,$0.06/oz,"","",Green Mountain Flavors,,GMF,"",Food,,1.0,16.0,oz,1/16oz,"","",100,"","",,""
509737,Pistachios,57.34,$11.47/lb,"","",Chef's Warehouse,VN160977,Capitol Food Company,"",Food,,1.0,5.0,lb,1/5lb,"","",100,Tree nuts,"",,""
590745,pluot (red),1.0,$1.00/lb,"","","",,"","",Food,,1.0,1.0,lb,1/1lb,"","",100,"","",false,""
590746,pluot (yellow),1.0,$1.00/lb,"","","",,"","",Food,,1.0,1.0,lb,1/1lb,"","",100,"","",false,""
586900,Pomegranate Concentrate,1.0,$1.00/Kg,"","","",,"","",Uncategorized,,1.0,1.0,Kg,1/1Kg,"","",100,"","",true,""
586898,pomegranate puree,1.0,$1.00/Kg,"","","",,"","",Uncategorized,,1.0,1.0,Kg,1/1Kg,"","",100,"","",true,""
531508,Poppyseeds,10.73,$0.60/oz,-40.39%,2024-10-09,Chef's Warehouse,230140,Provvista,"",Uncategorized,,1.0,18.0,oz,1/18oz,"","",100,"","",,""
525589,Potato chips,5.59,$0.43/oz,-38.46%,2024-10-28,US Foods Chefstore,,"","",Food,,1.0,13.0,oz,1/13oz,"","",100,"",Gluten-Free,false,Corn oil
507264,Powdered Sugar,3.59,$1.80/lb,-99.6%,2024-04-03,US Foods Chefstore,,C+H,"",Food,,1.0,2.0,lb,1/2lb,"","",100,"","",,""
509404,Pretzels,8.29,$0.17/oz,176.33%,2024-04-04,US Foods Chefstore,,Schultz,"",Food,,1.0,48.0,oz,1/48oz,"","",100,"Gluten, Wheat","",,""
590757,prickly pear puree,1.0,$1.00/g,"","","",,ponthier,"",Food,,1.0,1.0,g,1/1g,"","",100,"","",true,""
574611,Pumpkin gmf,1.0,$1.00/floz,"","","",,"","",Uncategorized,,1.0,1.0,floz,1/1floz,"","",100,"","",false,""
509411,Pumpkin puree,4.89,$0.17/oz,40.72%,2024-04-03,US Foods Chefstore,,Libby's,"",Food,,1.0,29.0,oz,1/29oz,0.5 cup = 122 g,"",100,"","",,""
509742,Purple Carrot Extract,1.0,$0.06/oz,"","",Green Mountain Flavors,,GMF,"",Food,,1.0,16.0,oz,1/16oz,"","",100,"","",,""
507433,Rainbow sprinkles,19.68,$2.81/lb,1868%,2024-04-03,Restaurant Depot,,Chefs quality,"",Food,,1.0,7.0,lb,1/7lb,"","",100,"","",,""
574617,Raisins,1.0,$1.00/lb,"","","",,"","",Uncategorized,,1.0,1.0,lb,1/1lb,"","",100,"","",true,""
563993,"Raspberries, Frozen",27.39,$5.48/lb,"","",US Foods Chefstore,,Flav R Pac,"",Food,,1.0,5.0,lb,1/5lb,"","",100,"","",,""
509841,Raspberry GMF,1.0,$1.00/oz,"",2025-10-24,Green Mountain Flavors,,"","",Food,,1.0,1.0,oz,1/1oz,"","",100,"","",false,""
576247,Raspberry Jam,1.0,$1.00/oz,"",2025-10-24,US Foods Chefstore,,"","",Uncategorized,,1.0,1.0,oz,1/1oz,"","",100,"","",true,""
506903,Raspberry Puree,114.14,$19.02/Kg,1041.4%,2024-03-27,Chef's Warehouse,4404BO0609,Boiron,"",Food,,6.0,1.0,Kg,6/1Kg,"","",100,"","",true,""
574605,Red currant puree,1.0,$1.00/Kg,"","","",,Pothiver,"",Food,,1.0,1.0,Kg,1/1Kg,"","",100,"","",true,""
536656,Red Sprinkles,1.0,$1.00/lb,"","","",,"","",Uncategorized,,1.0,1.0,lb,1/1lb,"","",100,"","",,""
509845,Red Wine,1.0,$1.00/oz,"","","",,"","",Uncategorized,,1.0,1.0,oz,1/1oz,"","",100,"","",true,""
587231,reeses cups pieces,1.0,$1.00/lb,"","","",,"","",Uncategorized,,1.0,1.0,lb,1/1lb,"","Milk Chocolate (Sugar, Cocoa Butter, Chocolate, Skim Milk, Milk Fat, Lactose, Lecithin, PGPR)
Peanuts
Sugar
Dextrose
Salt
TBHQ & Citric Acid (TO MAINTAIN FRESHNESS)",100,"Milk, Peanuts, Soy","",true,""
591309,rhubarb puree,1.0,$1.00/Kg,"","",Chef's Warehouse,,ponthier,FR,Food,,1.0,1.0,Kg,1/1Kg,"","",100,"","",true,""
510536,"Rhubarb, cut and washed",1.0,$1.00/lb,"","","",,"","",Uncategorized,,1.0,1.0,lb,1/1lb,"","",100,"","",,""
599640,rice flour,1.0,$1.00/g,"","","",,"","",Uncategorized,,1.0,1.0,g,1/1g,"","",100,"","",,""
528768,Rice Krispie,1.0,$1.00/lb,"","","",,"","",Uncategorized,,1.0,1.0,lb,1/1lb,"","",100,"","",false,""
509691,Ricotta Cheese,15.09,$3.02/lb,"","",US Foods Chefstore,,Galbani Whole Milk,"",Food,,1.0,5.0,lb,1/5lb,"","",100,Milk,"",,""
555095,Ritz Crackers,1.0,$1.00/lb,"","","",,"","",Uncategorized,,1.0,1.0,lb,1/1lb,"","",100,"Gluten, Wheat","",,""
508254,Rose Extract,14.95,$7.48/floz,"","",Amazon,,Angel Bake,"",Uncategorized,,1.0,2.0,floz,1/2floz,"","",100,"","",,""
506938,Rose Water,1.0,$1.00/tsp,"","","",,"","",Food,,1.0,1.0,tsp,1/1tsp,1 tsp = 2 g,"",100,"","",false,""
590681,Sage GMF,1.0,$1.00/oz,"","",Green Mountain Flavors,,"","",Food,,1.0,1.0,oz,1/1oz,"","",100,"","",false,""
588184,saigon cinnamon,1.0,$1.00/g,"","","",,"","",Uncategorized,,1.0,1.0,g,1/1g,"","",100,"","",false,""
507953,Salt,1.0,$1.00/oz,-47.84%,2024-06-28,"",,"","",Uncategorized,,1.0,1.0,oz,1/1oz,0.588 oz = 1 tbsp,"",100,"","",false,""
507948,Sanding sugar,1.0,$1.00/oz,-100%,2024-06-28,"",,"","",Food,,1.0,1.0,oz,1/1oz,"","",100,"","",true,""
507024,Sea Buckthorn Puree,10.0,$10.00/Kg,"","","",,"","",Food,,1.0,1.0,Kg,1/1Kg,"","",100,"","",true,""
506914,Sea Salt,26.41,$8.52/lb,-81.22%,2024-03-27,Chef's Warehouse,SPS152,Maldon,"",Food,,1.0,3.1,lb,1/3.1lb,0.513 oz = 1 tbsp,"",100,"","",,""
509364,Semi Sweet Chocolate,1.0,$1.00/lb,"","","",,"","",Food,,1.0,1.0,lb,1/1lb,"","",100,Milk,"",,""
526262,Shredded Coconut,1.0,$1.00/lb,"","","",,"","",Uncategorized,,1.0,1.0,lb,1/1lb,"","",100,"","",,""
591306,smoobees (strawberry),1.0,$1.00/g,"","","",,puratos,"",Food,,1.0,1.0,g,1/1g,"","Sugar, invert sugar, water, strawberry concentrate, modified starch, acid, gelling agent(sodium alginate) , natural flavoring, carrot concentrate, preservative (potassium sorbate), firming agent (calcium chloride), elderberry concentrate, black currant concentrate",100,"","",true,""
590692,snickers,1.0,$1.00/g,"","",Amazon,,"","",Food,,1.0,1.0,g,1/1g,"","Milk Chocolate (Sugar, Cocoa Butter, Chocolate, Skim Milk, Lactose, Milkfat, Soy Lecithin), Peanuts, Corn Syrup, Sugar, Palm Oil, Skim Milk, Lactose, Salt, Egg Whites, Artificial Flavor.",100,"Corn, Eggs, Milk, Soy, Tree nuts","",true,""
507950,Sourcream,10.99,$2.20/lb,-99.52%,2024-04-03,US Foods Chefstore,,Daisy,"",Food,,1.0,5.0,lb,1/5lb,"","",100,Milk,"",,""
590762,soursop puree,1.0,$1.00/g,"","",Chef's Warehouse,,ponthier,FR,Food,,1.0,1.0,g,1/1g,"","",100,"","",false,""
555092,Soy Milk,1.0,$1.00/oz,"",2025-10-24,US Foods Chefstore,,"","",Uncategorized,,1.0,1.0,oz,1/1oz,"","",100,Soy,Vegan,false,""
508253,Spirulina Powder,23.95,$0.48/g,"","",Amazon,,MicroIngredients,"",Food,,1.0,50.0,g,1/50g,"","",100,"","",,""
527495,Star anise,1.0,$1.00/g,"",2025-10-24,US Foods Chefstore,,"","",Uncategorized,,1.0,1.0,g,1/1g,"","",100,"","",false,""
509711,"Strawberries, Frozen",13.29,$2.66/lb,"","",US Foods Chefstore,,Flav R Pac,"",Food,,1.0,5.0,lb,1/5lb,"","",100,"","",,""
508251,Strawberry Paste,50.99,$33.99/Kg,"","",Webstaurant,3639225763,Fabbri,"",Food,,1.0,1.5,Kg,1/1.5Kg,"","",100,"","",true,""
506725,Strawberry Puree,109.91,$18.32/Kg,83.18%,2024-03-20,Chef's Warehouse,10776401,Boiron,"",Food,,6.0,1.0,Kg,6/1Kg,"","",100,"","",,""
509398,Sugar (RAW),1.0,$1.00/cup,"","","",,"","",Uncategorized,,1.0,1.0,cup,1/1cup,"","",100,"","",false,""
507432,Sun butter,39.99,$4.00/lb,1899.5%,2024-03-27,Webstaurant,125991613,SunButter,"",Food,,2.0,5.0,lb,2/5lb,"","",100,"","",,""
587213,sweet basil flavor,1.0,$1.00/oz,"","",Green Mountain Flavors,,"","",Uncategorized,,1.0,1.0,oz,1/1oz,"","",100,"","",true,""
590834,sweet corn extract,1.0,$1.00/g,"","","",,amorette,"",Food,,1.0,1.0,g,1/1g,"",glycerin and artificial flavor,100,"","",,""
510539,Sweet Potatoes,1.0,$1.00/each,"","","",,"","",Uncategorized,,1.0,1.0,each,1/1each,"","",100,"","",,""
482227,Tahitian Vanilla,470.06,$470.06/gal,-98.76%,2024-03-27,Nielsen Massey,,Nielsen Massey,"",Food,,1.0,1.0,gal,1/1gal,1 tbsp = 13 g,"",100,"","",,""
510296,Tapioca starch,1.0,$1.00/lb,"","","",,"","",Uncategorized,,1.0,1.0,lb,1/1lb,3.37 cup = 1 lb,"",100,"","",,""
510290,Tart Dried Cherries,1.0,$1.00/lb,"","","",,"","",Uncategorized,,1.0,1.0,lb,1/1lb,"","",100,"","",true,""
587246,thyme,1.0,$1.00/lb,"","","",,"","",Uncategorized,,1.0,1.0,lb,1/1lb,"","",100,"","Gluten-Free, Vegan",false,""
506915,Trablit Coffee Extract,44.11,$44.11/L,-78.26%,2024-03-27,Chef's Warehouse,5005PF8430,Trablit,"",Food,,1.0,1.0,L,1/1L,"","",100,"","",,""
519839,Turmeric (powdered),1.0,$1.00/Kg,"","","",,"","",Food,,1.0,1.0,Kg,1/1Kg,"","",100,"","",false,""
519844,Turmeric GMF,122.0,$244.00/gal,-68.23%,2024-10-14,Green Mountain Flavors,TurExtH,GMF,"",Food,,1.0,0.5,gal,1/0.5gal,1 gal = 10.1 lb,"",100,"","",,""
574603,V/gf Graham Crackers,1.0,$1.00/g,"","","",,Kenekinnik,"",Uncategorized,,1.0,1.0,g,1/1g,"","",100,"",Gluten-Free,,""
509371,Vanilla bean paste,1.0,$1.00/floz,"","","",,"","",Uncategorized,,1.0,1.0,floz,1/1floz,"","",100,"","",,""
528829,Vegan Butter,112.67,$3.13/lb,212.97%,2026-01-17,Chef's Warehouse,,Violife,"",Food,,36.0,1.0,lb,36/1lb,"","Plant-Based oil Blend from Canola, Coconut and Sunflower oils, Water, Sunflower Lecithin, Faba Bean Protein, Citric Acid, Natural Flavor, Glucose, Beta Carotene (Color).",100,Coconut*,Vegan,,""
527471,Vegan caramel,54.68,$5.47/lb,446.8%,2024-10-09,Nature's Flavors,NF-5885,Nature's Flavors,"",Uncategorized,,1.0,10.0,lb,1/10lb,"","Organic tapioca syrup, organic cane sugar, organic white rice syrup, organic starch, natural flavors, pectin, salt, caramel color, Annatto color ",100,"",Vegan,,""
528832,Vegan Chocolate Chips,129.99,$6.50/lb,549.95%,2024-10-09,Webstaurant,409F00559W,Enjoy Life,"",Uncategorized,,4.0,5.0,lb,4/5lb,"","",100,"","Gluten-Free, Vegan",false,""
599648,vegan cream cheese,1.0,$1.00/g,"","","",,violife,"",Food,,1.0,1.0,g,1/1g,"","",100,"","",,""
574604,Vegan Mini marshmallows,1.0,$1.00/oz,"","",Amazon,,Dandies,"",Uncategorized,,1.0,1.0,oz,1/1oz,"","",100,"",Vegan,true,""
528831,Vegan White Chocolate Chips,1.0,$1.00/lb,"","","",,Enjoy life,"",Uncategorized,,1.0,1.0,lb,1/1lb,"","",100,"",Vegan,false,""
509397,Vegetable shortening,1.0,$1.00/oz,"","","",,"","",Uncategorized,,1.0,1.0,oz,1/1oz,"","",100,"","",,""
507022,Violet Syrup,18.97,$0.56/floz,348.99%,2024-03-27,Amazon,,1883,"",Food,,1.0,33.8,floz,1/33.8floz,"","",100,"","",true,""
509717,Walnuts,38.99,$7.80/lb,"","",US Foods Chefstore,,Azar,"",Food,,1.0,5.0,lb,1/5lb,"","",100,Tree nuts,"",,""
482245,Water,0.0,$0.00/Kg,-100%,2024-03-20,"",,"","",Food,,1.0,1.0,Kg,1/1Kg,1 cup = 240 g,"",100,"","",false,""
593311,watermelon puree,1.0,$1.00/Kg,"","",Chef's Warehouse,,boiron,"",Food,,1.0,1.0,Kg,1/1Kg,"","",100,"","",,""
507267,White chocolate,99.02,$33.01/Kg,-96.7%,2024-03-27,Chef's Warehouse,GCV125FN,Valrhona,"",Uncategorized,,1.0,3.0,Kg,1/3Kg,"","",100,"Milk, Soy","",,""
587227,White chocolate kit kats,1.0,$1.00/lb,"","","",,"","",Uncategorized,,1.0,1.0,lb,1/1lb,"","Sugar, Wheat Flour (contains Calcium, Iron, Thiamin and Niacin), Milk Powders (Skimmed and Whole), Cocoa Mass, Cocoa Butter, Vegetable Fats (Palm, Palm Kernel, Shea/ Illipe/ Mango Kernel/ Kokum Gurgi/ Sal), Lactose and Proteins from Whey (from Milk), Whey Powder (from Milk), Emulsifiers (Sunflower Lecithin, Soya Lecithin), Yeast Raising Agent (Sodium Bicarbonate), Natural Vanilla Flavourings, Salt Butterfat (from Milk) Natural Flavourings.",100,"Artificial dye, Milk, Soy","",,""
586504,white peach puree,1.0,$0.00/g,"","",Chef's Warehouse,,"","",Food,,1.0,1000.0,g,1/1000g,"","",100,"","",true,""
482235,White Sugar,25.99,$1.04/lb,-77.08%,2024-04-03,US Foods Chefstore,,C&H,"",Food,,1.0,25.0,lb,1/25lb,2.25 cup = 1 lb,"",100,"","",true,""
510537,White Vinegar,1.0,$1.00/floz,"","","",,"","",Uncategorized,,1.0,1.0,floz,1/1floz,0.52 oz = 1 tbsp,"",100,"","",,""
576237,Whoppers,1.0,$1.00/oz,"","","",,"","",Uncategorized,,1.0,1.0,oz,1/1oz,"","",100,"Eggs, Gluten, Milk, Soy, Wheat","",,""
509391,Wildflower Honey,19.09,$3.82/lb,-99.16%,2024-04-03,US Foods Chefstore,,Monarch,"",Food,,1.0,5.0,lb,1/5lb,"","",100,"","",,""
590684,York Peppermint Patties,1.0,$1.00/lb,"","",Amazon,,"","",Food,,1.0,1.0,lb,1/1lb,"","sugar, corn syrup, chocolate, cocoa, invert sugar, milk fat, egg whites, cocoa butter, soy lecithin (emulsifier), oil of peppermint, PGPR (emulsifier), and natural flavor.",100,"Corn, Eggs, Milk, Soy","",true,""
510295,Zucchini,1.0,$1.00/each,"","","",,"","",Uncategorized,,1.0,1.0,each,1/1each,"","",100,"","",,""
