Title,ID,Tubs,Recipe
"___flavor test___",2169,"___flavor test___ 2026-02-18 00:21_5.76, ___flavor test___ 2026-02-18 00:21_5.7|1, ___flavor test___ 2026-02-18 00:21_5.7|2, ___flavor test___ 2026-02-18 00:21_5.7|3, ___flavor test___ 2026-02-18 00:21_5.7|4, ___flavor test___ 2026-02-18 00:21_5.7|5, ___flavor test___ 2026-02-25 11:34_8.29, ___flavor test___ 2026-02-25 11:34_8.2|1, ___flavor test___ 2026-02-25 11:34_8.2|2, ___flavor test___ 2026-02-25 11:34_8.2|3, ___flavor test___ 2026-02-25 11:34_8.2|4, ___flavor test___ 2026-02-25 11:34_8.2|5, ___flavor test___ 2026-02-25 11:34_8.2|6, ___flavor test___ 2026-02-25 11:34_8.2|7, ___flavor test___ 2026-02-25 11:34_8.2|8|5 more",
__a,4304,"__a 2026-02-25 11:38_2|1, __a 2026-02-25 11:38_2|2",
Bananatella,2333,"Bananatella 2026-01-20 06:01_11",
"Brookie (pea)",1675,"Brookie (pea) 2026-01-20 06:11_1|1, Brookie (pea) 2026-01-20 06:56_11, Brookie (pea) 2026-02-28 00:03_3|1, Brookie (pea) 2026-02-28 00:03_3|2, Brookie (pea) 2026-02-28 00:03_3|3",
"Brown No Cow (oat)",2386,"Brown No Cow (oat) 2026-01-20 06:05_3|1, Brown No Cow (oat) 2026-01-20 06:05_3|2, Brown No Cow (oat) 2026-01-20 06:05_3|3, Brown No Cow (oat) 2026-01-20 06:56_3|1, Brown No Cow (oat) 2026-01-20 06:56_3|2, Brown No Cow (oat) 2026-01-20 06:56_3|3",
"Chocoberry Chunk (coco)",1619,,
"ChoCoChai (coco)",2506,"ChoCoChai (coco) 2026-01-20 07:40_3|1, ChoCoChai (coco) 2026-01-20 07:40_3|2, ChoCoChai (coco) 2026-01-20 07:40_3|3",
Chocolate,1584,"Chocolate 2026-01-20 05:54_3|1, Chocolate 2026-01-20 05:54_3|2, Chocolate 2026-01-20 05:54_3|3, Chocolate 2026-02-21 02:32_1.752, Chocolate 2026-02-21 02:32_1.75|1, Chocolate 2026-02-21 02:33_1|1",
"Cin-Bun (pea)",2798,"Cin-Bun (pea) 2026-01-28 21:50_3|1, Cin-Bun (pea) 2026-01-28 21:50_3|2, Cin-Bun (pea) 2026-01-28 21:50_3|3",
"Irish Coffee Truffle",4354,"Irish Coffee Truffle 2026-03-01 22:46_3.54, Irish Coffee Truffle 2026-03-01 22:46_3.5|1, Irish Coffee Truffle 2026-03-01 22:46_3.5|2, Irish Coffee Truffle 2026-03-01 22:46_3.5|3",
"Lime in the Coconut (coco)",2875,"Lime in the Coconut (coco) 2026-02-03 23:51_3|1, Lime in the Coconut (coco) 2026-02-03 23:51_3|2, Lime in the Coconut (coco) 2026-02-03 23:51_3|3",
"Matcha Made in Heaven II (pea)",2865,"Matcha Made in Heaven II (pea) 2026-02-03 23:49_3.75|1, Matcha Made in Heaven II (pea) 2026-02-03 23:49_3.75|2, Matcha Made in Heaven II (pea) 2026-02-03 23:49_3.75|3",
"Mmminty (GF)",1589,"Mmminty (GF) 2026-01-20 05:52_1|1",
Orange,2284,,
"Pina Colada",4372,"Pina Colada 2026-03-04 02:09_4|1, Pina Colada 2026-03-04 02:09_4|2, Pina Colada 2026-03-04 02:09_4|3, Pina Colada 2026-03-04 02:09_4|4",
"Strawberry Matcha",1528,,
"Swanky Chocolate",2918,"Swanky Chocolate 2026-02-08 22:38_2.253, Swanky Chocolate 2026-02-08 22:38_2.25|1",
