cc_id,Title,allergens,Ingredients,yield_units,cost,cost_per_unit,yield_units,ingredient_list_str,Allergens_str,Categories_str,ID
230768,"Banana Peanut Butter Party Ice Cream","1207, 1204, 1206, 1208",,,,,,,,,661
284283,"Cherry Goat Cheese","1207, 1204",,,0.00,0.00,0.00,,,,693
231109,"Cream Cheese Frosting",1204,,,,,,,,,727
276624,"Jam Tart Icecream","4425, 1207, 1204",,,,,,,,,759
260420,"Orange Blossom Icecream","4425, 1204",,,,,,,,,793
230497,"Raspberry Swirl",,,,,,,,,,825
248644,"Sugar Baby Ice Cream","4425, 1207, 1204, 1208, 1205",,,0.00,0.00,0.00,,,,857
237270,"Vegan Blue Moon",4423,,,,,,,,,893
241293,"Wassail Sorbet (v)",,,,0.00,0.00,0.00,,,,925
286284,"Kristens Lunch Icecream","1207, 1204, 1206, 1208",,,0.00,0.00,0.00,,,,5494
291703,"V/GF Brookie Icecream","4423, 1208, 1205",,,0.00,0.00,0.00,,,,5527
230493,"Blueberry Jam",,,,,,,,,,672
275096,"Chocolate Mini egg Icecream","1204, 1208",,,,,,,,,705
229603,"Edible sugar cookie dough","1207, 1204",,,,,,,,,738
250490,"Lychee Sorbet",,,,,,,,,,770
241287,"Peppermint Bark","1204, 1208",,,,,,,,,804
231114,"Roasted Strawberries",,,,,,,,,,836
283628,"V/gf Blue Moon (Peafection)","4427, 1205",,,0.00,0.00,0.00,,,,869
276646,"Vegan Creamsicle Icecream",1205,,,0.00,0.00,0.00,,,,904
286368,"Blood Orange Sorbet",,,,0.00,0.00,0.00,,,,5473
286293,"Pear Hazelnut Icecream","1204, 1205",,,0.00,0.00,0.00,,,,5506
286624,"Vegan Pickle Icecream (PEA)","4427, 1205",,,,,,,,,5538
228827,"Vanilla Cardamom Molasses",,,,0.00,0.00,0.00,,,,890
275100,"Candy Cane Icecream",1204,,,,,,,,,683
275078,"Coffee Icecream (for cakes)","1204, 1208",,,,,,,,,717
242228,"Graham Cracker Pie Crust","1207, 1204, 1208",,,,,,,,,749
230843,"Mint Water",,,,,,,,,,783
275110,"Plumped Raisins",,,,,,,,,,815
230070,Shortbread,"1207, 1204",,,,,,,,,847
242604,"V/GF Gingersnap Crumbs",4423,,,,,,,,,881
275102,"Vegan Pumpkin Spice Icecream",1205,,,,,,,,,915
286366,"Heirloom Tomato Sorbet",,,,0.00,0.00,0.00,,,,5484
286371,"Sorbet De’ Normandie",,,,,,,,,,5517
229050,"Bananamon Ice Cream",1204,,,,,,,,,662
230431,"Cherry Icecream",1204,,,,,,,,,694
250495,"Creme Fraiche Ice Cream",1204,,,,,,,,,728
230494,"Lemon Curd","4425, 1204",,,,,,,,,760
275103,"Orange Cranberry Swirl Icecream",1204,,,,,,,,,794
275087,"Red Berry Sorbet",,,,0.00,0.00,0.00,,,,826
229599,"Sugar Cookies","4425, 1207, 1204",,,,,,,,,858
286372,"Vegan Blueberry Lavender Icecream","1208, 1205",,,0.00,0.00,0.00,,,,894
230435,"Wet Cinnamon Walnuts",1205,,,,,,,,,926
286639,"Lime Icecream",1204,,,,,,,,,5495
284905,"V/GF Coffee Caramel Brownie Icecream","4423, 1208, 1205",,,,,,,,,5528
242222,"Brown butter mixed nuts","1204, 1206, 1205",,,,,,,,,673
230257,"Chocolate Paste",1208,,,,,,,,,706
237265,"Eggnog Icecream","4425, 1204",,,,,,,,,739
229051,"Malted Coffee Toffee Ice Cream","1207, 1204, 1208, 1205",,,,,,,,,771
283945,"Peppermint Bark Icecream","1204, 1208",,,,,,,,,805
231119,"Roasted Sweet Potatoes",,,,,,,,,,837
283626,"V/gf Boysenberry Crumble icecream","4423, 1208, 1205",,,0.00,0.00,0.00,,,,871
275091,"Vegan Death by Chocolate coconut boogaloo","1208, 1205",,,,,,,,,905
286367,"Blueberry Sorbet",,,,0.00,0.00,0.00,,,,5474
286294,"Pickle Icecream",1204,,,0.00,0.00,0.00,,,,5507
286286,"Vegan Pumpkin Sage Maple Icecream",1205,,,0.00,0.00,0.00,,,,5539
230069,"6” chocolate chip cookie round","4425, 1207, 1204, 1208",,,,,,,,,652
284274,"Candy Crushing It Icecream","4422, 4428, 1204, 1206, 1208, 1205",,,,,,,,,684
230761,"Coffee Oreo IceCream","1207, 1204, 1208",,,,,,,,,718
230852,"Granny smith apples, chopped",,,,,,,,,,750
214992,"Miso Maple Icecream","1204, 1208",,,,,,,,,784
275112,"Pot o gold icecream","1207, 1204, 1208",,,,,,,,,816
243769,Shortcakes,"4425, 1207, 1204",,,,,,,,,848
242600,"V/GF Granola",4423,,,,,,,,,882
275086,"Vegan S’mores Icecream","1208, 1205",,,,,,,,,916
287303,"High Tea Icecream","1207, 1204",,,,,,,,,5485
286370,"Soursop Sorbet",,,,0.00,0.00,0.00,,,,5518
284264,"Basil Icecream",1204,,,,,,,,,663
230844,"Cherry Swirl",,,,,,,,,,695
230216,"Crispy cocoa and hazelnut cookies","4425, 1207, 1204, 1205",,,,,,,,,729
230067,"Lemon meringue (whip)",4425,,,,,,,,,761
230242,"Orange GingerBread Cake","4425, 1207",,,,,,,,,795
248633,"Rhubarb Crisp Icecream","1207, 1204",,,,,,,,,827
242220,"Sugared cranberries",,,,,,,,,,859
275105,"Vegan Candy Cane Peafection","4427, 1205",,,,,,,,,895
239643,"White Choco covered fruity cereal","1204, 1208",,,,,,,,,927
286619,"Mango Chamoy Icecream","4422, 4428, 1204",,,,,,,,,5496
291719,"V/GF Swiss Roll (for christmas)","4423, 4425, 1208, 1205",,,,,,,,,5529
231105,"Brownie Ice-cream Sammie","4425, 1207, 1204, 1208",,,,,,,,,674
231122,"Chocolate Truffles","1204, 1208",,,,,,,,,708
228832,"Espresso Bean Icecream","1204, 1208",,,,,,,,,740
230254,"Malted Toffee Coffee Cookies","4425, 1207, 1204, 1208, 1205",,,,,,,,,772
230250,"Peppermint hot cocoa cookies","1204, 1208",,,,,,,,,806
231124,"Rose Truffles","1204, 1208",,,,,,,,,838
283946,"V/GF Brownie Batter Up (Peafection)","4423, 4427, 1208, 1205",,,,,,,,,872
242306,"Vegan Donuts","4423, 1205",,,,,,,,,906
286631,"Choco-Covered Strawberry Icecream (COCO)","4423, 1208, 1205",,,,,,,,,5475
286295,"pickles juiced",,,,,,,,,,5508
286629,"Vegan Strawberry Icecream (PEA)","4427, 1205",,,,,,,,,5540
248520,"All Buttah Pie Dough","1207, 1204",,,,,,,,,653
284278,"Cantaloupe Icecream",1204,,,,,,,,,685
230516,"Coffee Syrup",,,,,,,,,,719
276627,"Granola Parfait Icecream","1207, 1204",,,,,,,,,751
244541,"MMMinty Icecream","4425, 1207, 1204, 1208",,,,,,,,,785
230253,"Pumpkin Cake","4425, 1207, 1204",,,,,,,,,817
242223,"Silky Ganache","1204, 1208",,,,,,,,,849
242297,"V/GF Lime Curd","4423, 1205",,,,,,,,,883
276631,"Vegan Spiced Chocolate Orange Icecream","1208, 1205",,,0.00,0.00,0.00,,,,917
286404,"Hint of Mint Ripple Icecream",1204,,,0.00,0.00,0.00,,,,5486
286406,"Sugar Plum (dairy) Icecream",1204,,,,,,,,,5519
243828,"Birthday Cake Ice Cream","4425, 1207, 1204",,,,,,,,,664
236493,"Chestnut IceCream",1204,,,,,,,,,696
230063,"Dark chocolate cookies","4425, 1207, 1204",,,,,,,,,730
230066,"Lemon meringue pie filling","4425, 1204",,,,,,,,,762
241285,"Orange Salted Chocolate ganache","1204, 1208",,,,,,,,,796
242226,"Rice Krispies pie crust","1204, 1208",,,,,,,,,828
276613,"Sweet Potato Pie Icecream","1207, 1204, 1208",,,,,,,,,860
283948,"Vegan Cherry Icecream",4423,,,,,,,,,896
239644,"White choco covered pretzels","1207, 1204, 1208",,,,,,,,,928
286636,"Mango Icecream",1204,,,,,,,,,5497
228827,"Vanilla Cardamom Molasses Icecream",1204,,,,,,,,,5530
229604,Brownies,"4425, 1207, 1204, 1208",,,,,,,,,675
243768,"Cinnamon Crisp","1207, 1204",,,,,,,,,709
250558,"Everything But The Ice Cream","4423, 1207, 1204, 1208, 1205",,,,,,,,,741
229052,"Malty and Salty Icecream","1207, 1204, 1208",,,,,,,,,773
230513,"Persimmon Curd","4425, 1204",,,,,,,,,807
230240,"Rugelach dough","1207, 1204",,,,,,,,,839
242291,"V/Gf Brownies","4423, 1208",,,,,,,,,873
262466,"Vegan Fudge","4423, 1208",,,,,,,,,907
286411,"Corn Cookies","4428, 4425, 1207, 1204",,,,,,,,,5476
287313,"Pistachio Rose Bark Icecream","1204, 1208, 1205",,,,,,,,,5509
286622,"Vegan Strawberry Rhubarb Icecream",1205,,,,,,,,,5541
242230,"Apple Chaider",,,,,,,,,,654
284280,"Caramel Apple Pie Icecream","4422, 4428, 1207, 1204, 1208",,,,,,,,,686
241286,"Cookie buttah Icecream","4428, 4425, 1207, 1204, 1208",,,,,,,,,720
229129,"Guava+ Sorbet",,,,,,,,,,752
230514,"Mocha Ripple",,,,,,,,,,786
275107,"Pumpkin CheeseCake Icecream","4425, 1207, 1204, 1208",,,,,,,,,818
230225,"Snickerdoodle cookie","4425, 1207, 1204",,,,,,,,,850
283632,"V/gf Peach Melba Icecream","1208, 1205",,,,,,,,,884
237269,"Vegan Strawberry Ice Cream",1205,,,,,,,,,918
287735,"Homemade Marshmallows",,,,,,,,,,5487
286369,"Super Sorbet",,,,,,,,,,5520
229085,"Black Currant Ice Cream",1204,,,,,,,,,665
242224,"Chocolate Buttercream","1204, 1208",,,,,,,,,697
239645,"Dark chocolate covered potato chips",1208,,,,,,,,,731
275111,"Lemon meringue pie Icecream","4425, 1207, 1204, 1208",,,,,,,,,763
230519,"Orange Syrup",,,,,,,,,,797
262468,"Ritz Cracker Crumble","1207, 1204",,,,,,,,,829
236495,"Tall, Dark, and Spicy","1204, 1208",,,,,,,,,861
275093,"Vegan Choco-Berry Kiss Icecream","1208, 4423",,,,,,,,,897
241289,"White Chocolate Peppermint Bark","1204, 1208",,,,,,,,,929
291705,"Matcha Mochi","4423, 1205",,,,,,,,,5498
291720,"Vegan Caramel (housemade)",4423,,,,,,,,,5531
248519,"Brownies (Sally’s Recipe)","4425, 1204, 1208",,,,,,,,,676
268269,"Cinnamon Roll Icecream","1207, 1204",,,,,,,,,710
250491,"Farmers Market Strawberry Ice Cream",,,,,,,,,,742
229049,"Mandarin Goat Cheese Icecream",1204,,,,,,,,,774
230503,"Persimmon Pulp",,,,,,,,,,808
230436,"Rugelach Icecream","1207, 1204, 1205",,,,,,,,,840
283630,"V/gf Cherry Chocolate Chip","1208, 1205",,,,,,,,,874
275080,"Vegan Ginger Peafection","4427, 1205",,,,,,,,,908
286287,"Dad Bod Icecream","1207, 1204, 1208",,,,,,,,,5477
286638,"Plain Strawberry Icecream",1204,,,,,,,,,5510
275092,"Vegan/Gf Chocolate Cake",,,,,,,,,,5542
284282,"Apple Compote",,,,,,,,,,655
275077,"Caramel cookie crunch icecream","1207, 1204, 1208",,,,,,,,,687
231309,"Cookie Monster Icecream","4425, 1207, 1204, 1208",,,0.00,0.00,0.00,,,,721
231106,"Hazelnut Praline",1205,,,,,,,,,753
230244,"Molasses Cookies","4425, 1207, 1204",,,,,,,,,787
275106,"Pumpkin Pie Icecream",1204,,,,,,,,,819
229612,"Specialty sugar cookies","4425, 1207, 1204, 1205",,,,,,,,,851
283955,"V/GF Raspberry Blondie Icerceam","4423, 1208, 1205",,,0.00,0.00,0.00,,,,885
242302,"Vegan Sun Butter Date Bark",,,,0.00,0.00,0.00,,,,919
286374,"Honey Lavender Icecream",1204,,,0.00,0.00,0.00,,,,5488
286296,"Sweet Cream Icecream",1204,,,0.00,0.00,0.00,,,,5521
229087,"Black Currant Sorbet",,,,,,,,,,666
230062,"Chocolate cake","4425, 1207, 1204, 1208",,,,,,,,,698
275095,"Death By Chocolate Icecream","4425, 1207, 1204, 1208",,,,,,,,,732
248540,"Lemon Sorbet",,,,0.00,0.00,0.00,,,,764
230517,"Orange, juiced",,,,,,,,,,798
231115,"Roasted Apples",,,,,,,,,,830
284284,"Thyme piecrust","1207, 1204",,,,,,,,,863
275089,"Vegan Chocolate Chai","1208, 1205",,,,,,,,,898
230845,"Wine Cherries",,,,,,,,,,930
230432,"Milk Chocolate Icecream","1204, 1208",,,,,,,,,5499
291718,"Vegan Cream Cheese Frosting",4423,,,,,,,,,5532
242295,Buckeyes,"1204, 1206, 1208, 1205",,,,,,,,,677
230255,"Cinnamon swirl pie crust cookies","1207, 1204",,,,,,,,,711
242606,"GF Lemon Crinkle Cookies","4425, 1204",,,,,,,,,743
243825,"Mango Passionfruit Sorbet",,,,,,,,,,775
230068,"Pie crust","1207, 1204",,,,,,,,,809
230258,"Runny Sauce",1208,,,,,,,,,841
262444,"V/GF Chocolate Cake","4423, 1208, 1205",,,,,,,,,875
237264,"Vegan Golden Milk",1205,,,0.00,0.00,0.00,,,,909
287312,"Earl Grey Icecream (Pea)","4427, 1205",,,,,,,,,5478
286361,"pluots (roasted)",,,,,,,,,,5511
286292,"Walnut Streusel",,,,,,,,,,5543
283958,"Avocado Kalamansi Sorbet",,,,,,,,,,656
240206,"Caramelized White Chocolate","1204, 1208",,,,,,,,,688
262450,"Cookies and Cream Cookies","4425, 1207, 1204, 1208",,,,,,,,,722
230492,"Hibiscus Syrup",,,,,,,,,,754
241291,"Mulled wine",,,,,,,,,,788
230252,"Pumpkin pie spice mix",,,,,,,,,,820
230434,"Spumoni Ice Cream","1204, 1208, 1205",,,,,,,,,852
242234,"V/GF Vanilla Cake","4423, 1205",,,,,,,,,886
268283,"Vegan Sun butter date bark Icecream",1205,,,,,,,,,920
286373,"HoneyComb Candy",,,,,,,,,,5489
287737,"Swiss Roll (yule log)","4425, 1207, 1208",,,,,,,,,5522
250559,"Black Forest Cheesecake Icecream","4425, 1207, 1204, 1208",,,,,,,,,667
230065,"Chocolate chip cookies","4425, 1207, 1204, 1208",,,,,,,,,700
275076,"Dirty Soda Icecream",1204,,,,,,,,,733
230357,"Lemon, juiced",,,,,,,,,,765
230518,"Orange, zested",,,,,,,,,,799
231112,"Roasted Carrots",1204,,,,,,,,,831
230247,"Tiger Queen","4422, 1207, 1204, 1208",,,,,,,,,864
236494,"Vegan Chocolate Icecream","1208, 1205",,,,,,,,,899
242232,"Winter Hot Cocoa",1208,,,,,,,,,931
286289,"Minter WonderLand Icecream","4428, 4425, 1207, 1204, 1208",,,0.00,0.00,0.00,,,,5501
287304,"Vegan Huckleberry Icecream",1205,,,0.00,0.00,0.00,,,,5533
262444,"chocolate cake v/gf",,,,0.00,0.00,0.00,,,,699
237268,"Bumpy Road Ice Cream","1204, 1206, 1208",,,,,,,,,678
268270,"Cinnamon syrup swirl",,,,,,,,,,712
230851,"Ginger Swirl",,,,,,,,,,744
230769,"Matcha Blackberry Swirl Ice Cream",1204,,,,,,,,,776
230495,"Pineapple Curd","4425, 1204",,,,,,,,,810
231126,"Salted Caramel Ganache","1204, 1208",,,,,,,,,842
242292,"V/GF Chocolate Chip Cookies",,,,,,,,,,876
275099,"Vegan lemon curd",,,,,,,,,,910
284959,"Fruit of the Forest Icecream",1204,,,,,,,,,5479
286364,"Prickly Pear Sorbet",,,,,,,,,,5512
286409,"Water Ice (base recipe)",,,,,,,,,,5544
230256,"Baked Chocolate Donuts","4425, 1207, 1204, 1208",,,,,,,,,657
283952,"Carrot Cake Icecream","1204, 1205",,,,,,,,,689
275114,"Cookies and Screams Icecream","4422, 4425, 1207, 1204, 1208",,,,,,,,,723
243816,"Honey Lemon Ricotta Icecream",1204,,,,,,,,,755
242219,"Mushroom meringues",4425,,,,,,,,,789
275108,"Pumpkin tiramisu Icecream","4425, 1207, 1204",,,,,,,,,821
248636,"Strawberry Balsamic Ice Cream",1204,,,,,,,,,853
215069,"Vanilla #3",1204,,,,,,,,,887
276614,"Vegan Sweet Potato Pie icecream",1205,,,,,,,,,921
286288,"Hot Honey Peach Icecream",1204,,,,,,,,,5490
248635,"Tastes Great Together Icecream","1207, 1204, 1206, 1208, 1205",,,,,,,,,5523
284265,"Blackberry Flake Icecream","1204, 1208",,,,,,,,,668
230246,"Chocolate cookies","4425, 1207, 1204, 1208",,,,,,,,,701
244543,"Donut Try This At Home Icecream","4428, 4425, 1207, 1204, 1208",,,,,,,,,734
230356,"Lemon, zested",,,,,,,,,,766
242227,"Oreo Pie Crust","1207, 1204, 1208",,,,,,,,,800
239648,"Roasted cherries",,,,,,,,,,832
229048,"Tres Citrus Sorbet",,,,,,,,,,865
275083,"Vegan Chocolate Peafection","4427, 1208, 1205",,,,,,,,,900
248645,"Yass Cream Slay",1204,,,,,,,,,932
284960,"Mixed Berry Compote (for ic for bfast)",,,,,,,,,,5502
286298,"Vegan Mocho-Nut Icecream","1208, 1205",,,,,,,,,5534
230432,"Milk Chocolate",1204,,,0.00,0.00,0.00,,,,781
275113,"Butter Pecan Baklava Icecream","1207, 1204, 1205",,,,,,,,,679
231104,"Citric acid solution",,,,,,,,,,713
275101,"Gingerbread Cake Icecream","4425, 1207, 1204, 1208",,,,,,,,,745
214996,"Matcha Made In Heaven Ice Cream","1207, 1204, 1208",,,,,,,,,777
230496,"Pineapple, juiced",,,,,,,,,,811
248642,"Salted Caramel Swirl (V) Ice Cream",4423,,,0.00,0.00,0.00,,,,843
230242,"Orange GingerBread Cake","4425, 1207",,,,,,,,,795
248633,"Rhubarb Crisp Icecream","1207, 1204",,,,,,,,,827
242220,"Sugared cranberries",,,,,,,,,,859
275105,"Vegan Candy Cane Peafection","4427, 1205",,,,,,,,,895
239643,"White Choco covered fruity cereal","1204, 1208",,,,,,,,,927
286619,"Mango Chamoy Icecream","4422, 4428, 1204",,,,,,,,,5496
291719,"V/GF Swiss Roll (for christmas)","4423, 4425, 1208, 1205",,,,,,,,,5529
231105,"Brownie Ice-cream Sammie","4425, 1207, 1204, 1208",,,,,,,,,674
231122,"Chocolate Truffles","1204, 1208",,,,,,,,,708
228832,"Espresso Bean Icecream","1204, 1208",,,,,,,,,740
230254,"Malted Toffee Coffee Cookies","4425, 1207, 1204, 1208, 1205",,,,,,,,,772
230250,"Peppermint hot cocoa cookies","1204, 1208",,,,,,,,,806
231124,"Rose Truffles","1204, 1208",,,,,,,,,838
283946,"V/GF Brownie Batter Up (Peafection)","4423, 4427, 1208, 1205",,,,,,,,,872
242306,"Vegan Donuts","4423, 1205",,,,,,,,,906
286631,"Choco-Covered Strawberry Icecream (COCO)","4423, 1208, 1205",,,,,,,,,5475
286295,"pickles juiced",,,,,,,,,,5508
286629,"Vegan Strawberry Icecream (PEA)","4427, 1205",,,,,,,,,5540
248520,"All Buttah Pie Dough","1207, 1204",,,,,,,,,653
284278,"Cantaloupe Icecream",1204,,,,,,,,,685
230516,"Coffee Syrup",,,,,,,,,,719
276627,"Granola Parfait Icecream","1207, 1204",,,,,,,,,751
244541,"MMMinty Icecream","4425, 1207, 1204, 1208",,,,,,,,,785
230253,"Pumpkin Cake","4425, 1207, 1204",,,,,,,,,817
242223,"Silky Ganache","1204, 1208",,,,,,,,,849
242297,"V/GF Lime Curd","4423, 1205",,,,,,,,,883
276631,"Vegan Spiced Chocolate Orange Icecream","1208, 1205",,,0.00,0.00,0.00,,,,917
286404,"Hint of Mint Ripple Icecream",1204,,,0.00,0.00,0.00,,,,5486
286406,"Sugar Plum (dairy) Icecream",1204,,,,,,,,,5519
243828,"Birthday Cake Ice Cream","4425, 1207, 1204",,,,,,,,,664
236493,"Chestnut IceCream",1204,,,,,,,,,696
230063,"Dark chocolate cookies","4425, 1207, 1204",,,,,,,,,730
230066,"Lemon meringue pie filling","4425, 1204",,,,,,,,,762
241285,"Orange Salted Chocolate ganache","1204, 1208",,,,,,,,,796
242226,"Rice Krispies pie crust","1204, 1208",,,,,,,,,828
276613,"Sweet Potato Pie Icecream","1207, 1204, 1208",,,,,,,,,860
283948,"Vegan Cherry Icecream",4423,,,,,,,,,896
239644,"White choco covered pretzels","1207, 1204, 1208",,,,,,,,,928
286636,"Mango Icecream",1204,,,,,,,,,5497
228827,"Vanilla Cardamom Molasses Icecream",1204,,,,,,,,,5530
229604,Brownies,"4425, 1207, 1204, 1208",,,,,,,,,675
243768,"Cinnamon Crisp","1207, 1204",,,,,,,,,709
250558,"Everything But The Ice Cream","4423, 1207, 1204, 1208, 1205",,,,,,,,,741
229052,"Malty and Salty Icecream","1207, 1204, 1208",,,,,,,,,773
230513,"Persimmon Curd","4425, 1204",,,,,,,,,807
230240,"Rugelach dough","1207, 1204",,,,,,,,,839
242291,"V/Gf Brownies","4423, 1208",,,,,,,,,873
262466,"Vegan Fudge","4423, 1208",,,,,,,,,907
286411,"Corn Cookies","4428, 4425, 1207, 1204",,,,,,,,,5476
287313,"Pistachio Rose Bark Icecream","1204, 1208, 1205",,,,,,,,,5509
286622,"Vegan Strawberry Rhubarb Icecream",1205,,,,,,,,,5541
242230,"Apple Chaider",,,,,,,,,,654
284280,"Caramel Apple Pie Icecream","4422, 4428, 1207, 1204, 1208",,,,,,,,,686
241286,"Cookie buttah Icecream","4428, 4425, 1207, 1204, 1208",,,,,,,,,720
229129,"Guava+ Sorbet",,,,,,,,,,752
230514,"Mocha Ripple",,,,,,,,,,786
275107,"Pumpkin CheeseCake Icecream","4425, 1207, 1204, 1208",,,,,,,,,818
230225,"Snickerdoodle cookie","4425, 1207, 1204",,,,,,,,,850
283632,"V/gf Peach Melba Icecream","1208, 1205",,,,,,,,,884
237269,"Vegan Strawberry Ice Cream",1205,,,,,,,,,918
287735,"Homemade Marshmallows",,,,,,,,,,5487
286369,"Super Sorbet",,,,,,,,,,5520
229085,"Black Currant Ice Cream",1204,,,,,,,,,665
242224,"Chocolate Buttercream","1204, 1208",,,,,,,,,697
239645,"Dark chocolate covered potato chips",1208,,,,,,,,,731
275111,"Lemon meringue pie Icecream","4425, 1207, 1204, 1208",,,,,,,,,763
230519,"Orange Syrup",,,,,,,,,,797
262468,"Ritz Cracker Crumble","1207, 1204",,,,,,,,,829
236495,"Tall, Dark, and Spicy","1204, 1208",,,,,,,,,861
275093,"Vegan Choco-Berry Kiss Icecream","1208, 4423",,,,,,,,,897
241289,"White Chocolate Peppermint Bark","1204, 1208",,,,,,,,,929
291705,"Matcha Mochi","4423, 1205",,,,,,,,,5498
291720,"Vegan Caramel (housemade)",4423,,,,,,,,,5531
248519,"Brownies (Sally’s Recipe)","4425, 1204, 1208",,,,,,,,,676
268269,"Cinnamon Roll Icecream","1207, 1204",,,,,,,,,710
250491,"Farmers Market Strawberry Ice Cream",,,,,,,,,,742
229049,"Mandarin Goat Cheese Icecream",1204,,,,,,,,,774
230503,"Persimmon Pulp",,,,,,,,,,808
230436,"Rugelach Icecream","1207, 1204, 1205",,,,,,,,,840
283630,"V/gf Cherry Chocolate Chip","1208, 1205",,,,,,,,,874
275080,"Vegan Ginger Peafection","4427, 1205",,,,,,,,,908
286287,"Dad Bod Icecream","1207, 1204, 1208",,,,,,,,,5477
286638,"Plain Strawberry Icecream",1204,,,,,,,,,5510
275092,"Vegan/Gf Chocolate Cake",,,,,,,,,,5542
284282,"Apple Compote",,,,,,,,,,655
275077,"Caramel cookie crunch icecream","1207, 1204, 1208",,,,,,,,,687
231309,"Cookie Monster Icecream","4425, 1207, 1204, 1208",,,0.00,0.00,0.00,,,,721
231106,"Hazelnut Praline",1205,,,,,,,,,753
230244,"Molasses Cookies","4425, 1207, 1204",,,,,,,,,787
275106,"Pumpkin Pie Icecream",1204,,,,,,,,,819
229612,"Specialty sugar cookies","4425, 1207, 1204, 1205",,,,,,,,,851
283955,"V/GF Raspberry Blondie Icerceam","4423, 1208, 1205",,,0.00,0.00,0.00,,,,885
242302,"Vegan Sun Butter Date Bark",,,,0.00,0.00,0.00,,,,919
286374,"Honey Lavender Icecream",1204,,,0.00,0.00,0.00,,,,5488
286296,"Sweet Cream Icecream",1204,,,0.00,0.00,0.00,,,,5521
229087,"Black Currant Sorbet",,,,,,,,,,666
230062,"Chocolate cake","4425, 1207, 1204, 1208",,,,,,,,,698
275095,"Death By Chocolate Icecream","4425, 1207, 1204, 1208",,,,,,,,,732
248540,"Lemon Sorbet",,,,0.00,0.00,0.00,,,,764
230517,"Orange, juiced",,,,,,,,,,798
231115,"Roasted Apples",,,,,,,,,,830
284284,"Thyme piecrust","1207, 1204",,,,,,,,,863
275089,"Vegan Chocolate Chai","1208, 1205",,,,,,,,,898
230845,"Wine Cherries",,,,,,,,,,930
230432,"Milk Chocolate Icecream","1204, 1208",,,,,,,,,5499
291718,"Vegan Cream Cheese Frosting",4423,,,,,,,,,5532
