rcc_id	name	rcc_price	rcc_unit	tier	density_source	target_unit	confidence	status	notes
591304	4-1 strawberries	1.0000	g	5		g	T5	PLACEHOLDER-SUSPECTED	$1.00000/g | source: supplier row: 1 g @ $1.00 = $1.00/g [US Foods Chefstore] | PLACEHOLDER-SUSPECTED: RCC entry is "1 g @ $1.00" — this is the common stub pattern and likely not real cost data.
509409	All spice	1.2800	oz	4		g	T4	OK	$0.04515/g | source: supplier row: 16 oz @ $20.47 = $1.28/oz [US Foods Chefstore]
507952	Almond Extract	2.5000	floz	3	Volume unit; assumed extract/flavor density 0.88 g/ml (1 floz = 26.02 g). Pattern: vanilla.*extract|extract|\bflavor\b.	g	T3	OK	$0.09606/g | source: supplier row: 2 floz @ $4.99 = $2.50/floz [QFC]
508242	Amarena Cherries	52.0600	Kg	4		g	T4	OK	$0.05206/g | source: supplier row: 1.85 Kg @ $96.32 = $52.06/Kg [Webstaurant]
531505	Andes mints, pieces	6.3000	lb	4		g	T4	OK	$0.01389/g | source: supplier row: 5 lb @ $31.49 = $6.30/lb [Webstaurant]
509741	Anise Extract	0.0600	oz	4		g	T4	OK	$0.00212/g | source: supplier row: 16 oz @ $1.00 = $0.06/oz [Green Mountain Flavors]
509743	Annatto Extract	0.0600	oz	4		g	T4	OK	$0.00212/g | source: supplier row: 16 oz @ $1.00 = $0.06/oz [Green Mountain Flavors]
527496	Apple cider	0.0500	floz	3	Volume unit; assumed juice density 1.04 g/ml (1 floz = 30.76 g). Pattern: juice|lemonade|cider(?!.*vinegar).	g	T3	OK	$0.00163/g | source: supplier row: 89 floz @ $4.59 = $0.05/floz [US Foods Chefstore]
528843	Apple Cider Vinegar	1.0000	gal	3	Volume unit; assumed vinegar density 1.01 g/ml (1 gal = 3823.26 g). Pattern: vinegar.	g	T3	PLACEHOLDER-SUSPECTED	$0.00026/g | source: supplier row: 1 gal @ $1.00 = $1.00/gal [US Foods Chefstore] | PLACEHOLDER-SUSPECTED: RCC entry is "1 gal @ $1.00" — this is the common stub pattern and likely not real cost data.
587241	Apple Puree	0.0000	Kg	0		g	T0	ZERO-PRICE	source: supplier row: 1000 Kg @ $1.00 = $0.00/Kg [Chef's Warehouse]
593309	applesauce	1.0000	g	5		g	T5	PLACEHOLDER-SUSPECTED	$1.00000/g | source: supplier row: 1 g @ $1.00 = $1.00/g [Amazon] | PLACEHOLDER-SUSPECTED: RCC entry is "1 g @ $1.00" — this is the common stub pattern and likely not real cost data.
509740	Apricot Jam	5.0200	lb	4		g	T4	OK	$0.01107/g | source: supplier row: 5.5 lb @ $27.61 = $5.02/lb [Chef's Warehouse]
539311	Avocado	1.0000	lb	4		g	T4	PLACEHOLDER-SUSPECTED	$0.00220/g | source: supplier row: 1 lb @ $1.00 = $1.00/lb [US Foods Chefstore] | PLACEHOLDER-SUSPECTED: RCC entry is "1 lb @ $1.00" — this is the common stub pattern and likely not real cost data.
507947	Baking powder	0.0200	oz	4		g	T4	OK	$0.00071/g | source: supplier row: 60 oz @ $1.00 = $0.02/oz [US Foods Chefstore]
507941	Baking soda	1.1500	lb	4		g	T4	OK	$0.00254/g | source: supplier row: 4 lb @ $4.59 = $1.15/lb [US Foods Chefstore]
507939	Baking Vanilla	1.5600	floz	4	RCC-provided converter: 1 tsp 4.2 g. Derived density 0.8521 g/ml; 1 floz = 25.20 g.	g	T4	OK	$0.06191/g | source: supplier row: 32 floz @ $49.99 = $1.56/floz [Amazon]
536648	Balsamic Vinegar	1.0000	floz	3	Volume unit; assumed vinegar density 1.01 g/ml (1 floz = 29.87 g). Pattern: vinegar.	g	T3	PLACEHOLDER-SUSPECTED	$0.03348/g | source: supplier row: 1 floz @ $1.00 = $1.00/floz [Webstaurant] | PLACEHOLDER-SUSPECTED: RCC entry is "1 floz @ $1.00" — this is the common stub pattern and likely not real cost data.
534915	Banana Flavor	16.0000	qt	4	RCC-provided converter: 1 gal 8.77 lb. Derived density 1.0509 g/ml; 1 qt = 994.50 g.	g	T4	OK	$0.01609/g | source: supplier row: 1 qt @ $16.00 = $16.00/qt [Green Mountain Flavors]
506910	Bananas	1.9900	lb	4		g	T4	OK	$0.00439/g | source: supplier row: 5 lb @ $9.95 = $1.99/lb [US Foods Chefstore]
587212	Basil	1.0000	lb	4		g	T4	PLACEHOLDER-SUSPECTED	$0.00220/g | source: inline Details: 1 lb @ $1.00 | PLACEHOLDER-SUSPECTED: RCC entry is "1 lb @ $1.00" — this is the common stub pattern and likely not real cost data.
506945	Beet Powder	4.0000	oz	4		g	T4	OK	$0.14110/g | source: supplier row: 5 oz @ $19.99 = $4.00/oz [Amazon]
593308	Bergamot GMF	1.0000	oz	4		g	T4	PLACEHOLDER-SUSPECTED	$0.03527/g | source: supplier row: 1 oz @ $1.00 = $1.00/oz [Green Mountain Flavors] | PLACEHOLDER-SUSPECTED: RCC entry is "1 oz @ $1.00" — this is the common stub pattern and likely not real cost data.
509695	Bettercreme	6.7200	Kg	4		g	T4	OK	$0.00672/g | source: supplier row: 4 Kg @ $26.89 = $6.72/Kg [US Foods Chefstore]
527488	Biscoff cookie butter	0.3900	oz	4		g	T4	OK	$0.01376/g | source: supplier row: 8/14.1 oz @ $43.43 = $0.39/oz [Amazon]
553131	Biscoff Cookies	1.0000	g	5		g	T5	PLACEHOLDER-SUSPECTED	$1.00000/g | source: inline Details: 1 g @ $1.00 | PLACEHOLDER-SUSPECTED: RCC entry is "1 g @ $1.00" — this is the common stub pattern and likely not real cost data.
594064	Black Beans	1.0000	g	5		g	T5	PLACEHOLDER-SUSPECTED	$1.00000/g | source: supplier row: 1 g @ $1.00 = $1.00/g [US Foods Chefstore] | PLACEHOLDER-SUSPECTED: RCC entry is "1 g @ $1.00" — this is the common stub pattern and likely not real cost data.
506936	Black Currant Puree	30.0000	Kg	4		g	T4	OK	$0.03000/g | source: supplier row: 6/1 Kg @ $179.98 = $30.00/Kg [Chef's Warehouse]
563994	Blackberries, Frozen	3.9200	lb	4		g	T4	OK	$0.00864/g | source: supplier row: 5 lb @ $19.59 = $3.92/lb [US Foods Chefstore]
590835	blackberry Barbeque sauce	0.0667	oz	4		g	T4	OK	pack: 15 oz | $0.00235/g | source: inline Details: 15 oz @ $1.00
510528	Blackberry flavor	1.0000	oz	4		g	T4	PLACEHOLDER-SUSPECTED	$0.03527/g | source: inline Details: 1 oz @ $1.00 | PLACEHOLDER-SUSPECTED: RCC entry is "1 oz @ $1.00" — this is the common stub pattern and likely not real cost data.
593313	Blackberry Jam	1.0000	g	5		g	T5	PLACEHOLDER-SUSPECTED	$1.00000/g | source: supplier row: 1 g @ $1.00 = $1.00/g [US Foods Chefstore] | PLACEHOLDER-SUSPECTED: RCC entry is "1 g @ $1.00" — this is the common stub pattern and likely not real cost data.
510527	Blackberry puree	22.2200	Kg	4		g	T4	OK	$0.02222/g | source: supplier row: 6/1 Kg @ $133.34 = $22.22/Kg [Chef's Warehouse]
574610	Blackpepper	1.0000	g	5		g	T5	PLACEHOLDER-SUSPECTED	$1.00000/g | source: inline Details: 1 g @ $1.00 | PLACEHOLDER-SUSPECTED: RCC entry is "1 g @ $1.00" — this is the common stub pattern and likely not real cost data.
506905	Blood Orange Puree	21.9700	Kg	4		g	T4	OK	$0.02197/g | source: supplier row: 6/1 Kg @ $131.84 = $21.97/Kg [Chef's Warehouse]
482249	Blood Peach Puree	19.4500	Kg	4		g	T4	OK	$0.01945/g | source: supplier row: 6/1 Kg @ $116.67 = $19.45/Kg [Chef's Warehouse]
519848	Blue Moon Flavor	16.2500	pt	4	RCC-provided converter: 1 gal 8.17 lb. Derived density 0.9790 g/ml; 1 pt = 463.23 g.	g	T4	OK	$0.03508/g | source: supplier row: 1 pt @ $16.25 = $16.25/pt [Green Mountain Flavors]
509693	Blueberries, Frozen	2.8400	lb	4		g	T4	OK	$0.00626/g | source: supplier row: 5 lb @ $14.19 = $2.84/lb [US Foods Chefstore]
590760	Blueberry Puree	1.0000	g	5		g	T5	PLACEHOLDER-SUSPECTED	$1.00000/g | source: supplier row: 1 g @ $1.00 = $1.00/g [Chef's Warehouse] | PLACEHOLDER-SUSPECTED: RCC entry is "1 g @ $1.00" — this is the common stub pattern and likely not real cost data.
531506	Bourbon Whiskey Flavor (GMF)	1.0000	floz	3	Volume unit; assumed extract/flavor density 0.88 g/ml (1 floz = 26.02 g). Pattern: vanilla.*extract|extract|\bflavor\b.	g	T3	PLACEHOLDER-SUSPECTED	$0.03843/g | source: supplier row: 1 floz @ $1.00 = $1.00/floz [Green Mountain Flavors] | PLACEHOLDER-SUSPECTED: RCC entry is "1 floz @ $1.00" — this is the common stub pattern and likely not real cost data.
530440	Boysenberry	1.0000	lb	4		g	T4	PLACEHOLDER-SUSPECTED	$0.00220/g | source: inline Details: 1 lb @ $1.00 | PLACEHOLDER-SUSPECTED: RCC entry is "1 lb @ $1.00" — this is the common stub pattern and likely not real cost data.
507936	Butter	3.7600	lb	4		g	T4	OK	$0.00829/g | source: supplier row: 30/1 lb @ $112.89 = $3.76/lb [US Foods Chefstore]
534916	Butter Pecan Flavor	12.0000	pt	4	RCC-provided converter: 1 gal 8.29 lb. Derived density 0.9934 g/ml; 1 pt = 470.03 g.	g	T4	OK	$0.02553/g | source: supplier row: 1 pt @ $12.00 = $12.00/pt [Green Mountain Flavors]
587222	Butterfinger Pieces	1.0000	lb	4		g	T4	PLACEHOLDER-SUSPECTED	$0.00220/g | source: inline Details: 1 lb @ $1.00 | PLACEHOLDER-SUSPECTED: RCC entry is "1 lb @ $1.00" — this is the common stub pattern and likely not real cost data.
509119	Buttermilk	6.3800	gal	4	RCC-provided converter: 8.6 oz 1 cup. Derived density 1.0287 g/ml; 1 gal = 3894.11 g.	g	T4	OK	$0.00164/g | source: supplier row: 0.5 gal @ $3.19 = $6.38/gal [US Foods Chefstore]
590685	Buttermilk Powder	0.0000	g	0		g	T0	ZERO-PRICE	source: supplier row: 340.2 g @ $1.00 = $0.00/g [Amazon]
509406	Butterscotch chips	0.3900	oz	4		g	T4	OK	$0.01376/g | source: supplier row: 12/11 oz @ $51.49 = $0.39/oz [US Foods Chefstore]
587218	Butterscotch Flavor (GMF)	1.0000	floz	3	Volume unit; assumed extract/flavor density 0.88 g/ml (1 floz = 26.02 g). Pattern: vanilla.*extract|extract|\bflavor\b.	g	T3	PLACEHOLDER-SUSPECTED	$0.03843/g | source: supplier row: 1 floz @ $1.00 = $1.00/floz [Green Mountain Flavors] | PLACEHOLDER-SUSPECTED: RCC entry is "1 floz @ $1.00" — this is the common stub pattern and likely not real cost data.
510291	Cabernet	1.0000	each	1	Count-based unit "each" but no standard weight known for this item; would need Gus-specific weight.	g	T1	PLACEHOLDER-SUSPECTED	source: inline Details: 1 each @ $1.00 | PLACEHOLDER-SUSPECTED: RCC entry is "1 each @ $1.00" — this is the common stub pattern and likely not real cost data. | NEEDS-GUS-WEIGHT: Count-based unit with no standard weight known for this specific item. | Tier 1: pure estimate; $/g not computed without per-item weight.
586891	Candied Black Cherries	1.0000	lb	4		g	T4	PLACEHOLDER-SUSPECTED	$0.00220/g | source: inline Details: 1 lb @ $1.00 | PLACEHOLDER-SUSPECTED: RCC entry is "1 lb @ $1.00" — this is the common stub pattern and likely not real cost data.
576259	Candied Orange Pieces	0.3333	lb	4		g	T4	OK	pack: 3 lb | $0.00073/g | source: inline Details: 3 lb @ $1.00
574609	Candy cane pieces	1.0000	g	5		g	T5	PLACEHOLDER-SUSPECTED	$1.00000/g | source: inline Details: 1 g @ $1.00 | PLACEHOLDER-SUSPECTED: RCC entry is "1 g @ $1.00" — this is the common stub pattern and likely not real cost data.
507441	Canola oil	15.5900	gal	3	Volume unit; assumed oil density 0.92 g/ml (1 gal = 3482.58 g). Pattern: \boil\b|canola|olive oil|sesame oil|coconut oil(?!.*solid).	g	T3	OK	$0.00448/g | source: supplier row: 1 gal @ $15.59 = $15.59/gal [US Foods Chefstore]
587236	Cantaloupe	1.0000	lb	4		g	T4	PLACEHOLDER-SUSPECTED	$0.00220/g | source: inline Details: 1 lb @ $1.00 | PLACEHOLDER-SUSPECTED: RCC entry is "1 lb @ $1.00" — this is the common stub pattern and likely not real cost data.
587237	Cantaloupe Flavor (GMF)	1.0000	floz	3	Volume unit; assumed extract/flavor density 0.88 g/ml (1 floz = 26.02 g). Pattern: vanilla.*extract|extract|\bflavor\b.	g	T3	PLACEHOLDER-SUSPECTED	$0.03843/g | source: supplier row: 1 floz @ $1.00 = $1.00/floz [Green Mountain Flavors] | PLACEHOLDER-SUSPECTED: RCC entry is "1 floz @ $1.00" — this is the common stub pattern and likely not real cost data.
587243	Caramel Sauce (Torani)	1.0000	Kg	4		g	T4	PLACEHOLDER-SUSPECTED	$0.00100/g | source: supplier row: 1 Kg @ $1.00 = $1.00/Kg [US Foods Chefstore] | PLACEHOLDER-SUSPECTED: RCC entry is "1 Kg @ $1.00" — this is the common stub pattern and likely not real cost data.
506708	Cardamom (powdered)	44.9200	lb	4		g	T4	OK	$0.09903/g | source: supplier row: 1 lb @ $44.92 = $44.92/lb [Chef's Warehouse]
510535	Carrots, chopped and peeled	1.0000	lb	4		g	T4	PLACEHOLDER-SUSPECTED	$0.00220/g | source: inline Details: 1 lb @ $1.00 | PLACEHOLDER-SUSPECTED: RCC entry is "1 lb @ $1.00" — this is the common stub pattern and likely not real cost data.
507269	Cashew	5.8400	lb	4		g	T4	OK	$0.01288/g | source: supplier row: 5 lb @ $29.19 = $5.84/lb [US Foods Chefstore]
528769	Chai Tea (bagged)	0.1600	each	1	Count-based unit "each" but no standard weight known for this item; would need Gus-specific weight.	g	T1	NEEDS-GUS-WEIGHT	source: supplier row: 30 each @ $4.79 = $0.16/each [US Foods Chefstore] | NEEDS-GUS-WEIGHT: Count-based unit with no standard weight known for this specific item. | Tier 1: pure estimate; $/g not computed without per-item weight.
508255	Chamoy	0.3000	floz	3	Volume unit; NO ingredient-specific density and no name-pattern match — defaulted to water-like 1.0 g/ml (1 floz = 29.57 g). **Needs Gus confirmation.**	g	T3	OK	$0.01014/g | source: supplier row: 33.8 floz @ $9.99 = $0.30/floz [Amazon]
591301	chamoy sauce	1.0000	g	5		g	T5	PLACEHOLDER-SUSPECTED	$1.00000/g | source: supplier row: 1 g @ $1.00 = $1.00/g [Amazon] | PLACEHOLDER-SUSPECTED: RCC entry is "1 g @ $1.00" — this is the common stub pattern and likely not real cost data.
510294	Cherries, for wine	1.0000	lb	4		g	T4	PLACEHOLDER-SUSPECTED	$0.00220/g | source: inline Details: 1 lb @ $1.00 | PLACEHOLDER-SUSPECTED: RCC entry is "1 lb @ $1.00" — this is the common stub pattern and likely not real cost data.
539396	cherry flavor gmf	1.0000	oz	4		g	T4	PLACEHOLDER-SUSPECTED	$0.03527/g | source: supplier row: 1 oz @ $1.00 = $1.00/oz [Green Mountain Flavors] | PLACEHOLDER-SUSPECTED: RCC entry is "1 oz @ $1.00" — this is the common stub pattern and likely not real cost data.
509736	Cherry Puree	16.3400	Kg	4		g	T4	OK	$0.01634/g | source: supplier row: 6/1 Kg @ $98.02 = $16.34/Kg [Chef's Warehouse]
528772	chickpeas (aquafaba)	0.0000	g	0		g	T0	ZERO-PRICE	source: supplier row: 850 g @ $2.69 = $0.00/g [US Foods Chefstore]
519088	Chipotle Chile	0.1000	g	5		g	T5	OK	pack: 10 g | $0.10000/g | source: inline Details: 10 g @ $1.00
508248	Chocolate Chips (large)	4.8600	lb	4		g	T4	OK	$0.01071/g | source: supplier row: 35 lb @ $169.99 = $4.86/lb [Webstaurant]
519086	Chocolate Flavor	93.0000	gal	4	RCC-provided converter: 1 gal 8.75 lb. Derived density 1.0485 g/ml; 1 gal = 3968.93 g.	g	T4	OK	$0.02343/g | source: supplier row: 0.5 gal @ $46.50 = $93.00/gal [Green Mountain Flavors]
507434	Chocolate sprinkles	2.8500	lb	4		g	T4	OK	$0.00628/g | source: supplier row: 6 lb @ $17.09 = $2.85/lb [US Foods Chefstore]
506709	Cinnamon (powdered)	0.0300	g	5		g	T5	OK	$0.03000/g | source: supplier row: 510 g @ $13.59 = $0.03/g [US Foods Chefstore]
506911	Cinnamon Flavor	1.0000	tsp	3	Volume unit; assumed extract/flavor density 0.88 g/ml (1 tsp = 4.34 g). Pattern: vanilla.*extract|extract|\bflavor\b.	g	T3	PLACEHOLDER-SUSPECTED	$0.23055/g | source: inline Details: 1 tsp @ $1.00 | PLACEHOLDER-SUSPECTED: RCC entry is "1 tsp @ $1.00" — this is the common stub pattern and likely not real cost data.
510292	Cinnamon sticks	1.0000	oz	4		g	T4	OK	$0.03527/g | source: supplier row: 5 oz @ $4.99 = $1.00/oz [US Foods Chefstore]
482250	Citric Acid Powder	4.7900	lb	4		g	T4	OK	$0.01056/g | source: supplier row: 1.5 lb @ $7.19 = $4.79/lb [Webstaurant]
509408	Cloves	1.0000	tbsp	3	Volume unit; NO ingredient-specific density and no name-pattern match — defaulted to water-like 1.0 g/ml (1 tbsp = 14.79 g). **Needs Gus confirmation.**	g	T3	PLACEHOLDER-SUSPECTED	$0.06763/g | source: inline Details: 1 tbsp @ $1.00 | PLACEHOLDER-SUSPECTED: RCC entry is "1 tbsp @ $1.00" — this is the common stub pattern and likely not real cost data.
509365	Cocoa Nibs	28.5700	Kg	4		g	T4	OK	$0.02857/g | source: supplier row: 1 Kg @ $28.57 = $28.57/Kg [Chef's Warehouse]
506707	Cocoa Powder	5.7400	lb	4		g	T4	OK	$0.01265/g | source: supplier row: 25 lb @ $143.48 = $5.74/lb [Webstaurant]
528771	coconut milk	0.1100	oz	4		g	T4	OK	$0.00388/g | source: supplier row: 12/32 oz @ $42.43 = $0.11/oz [Chef's Warehouse]
528835	Coconut Oil	1.0000	floz	3	Volume unit; assumed oil density 0.92 g/ml (1 floz = 27.21 g). Pattern: \boil\b|canola|olive oil|sesame oil|coconut oil(?!.*solid).	g	T3	PLACEHOLDER-SUSPECTED	$0.03675/g | source: inline Details: 1 floz @ $1.00 | PLACEHOLDER-SUSPECTED: RCC entry is "1 floz @ $1.00" — this is the common stub pattern and likely not real cost data.
574600	Cola GMF	1.0000	oz	4		g	T4	PLACEHOLDER-SUSPECTED	$0.03527/g | source: supplier row: 1 oz @ $1.00 = $1.00/oz [Green Mountain Flavors] | PLACEHOLDER-SUSPECTED: RCC entry is "1 oz @ $1.00" — this is the common stub pattern and likely not real cost data.
527484	Cold Brew Concentrate	1.0000	oz	4		g	T4	PLACEHOLDER-SUSPECTED	$0.03527/g | source: inline Details: 1 oz @ $1.00 | PLACEHOLDER-SUSPECTED: RCC entry is "1 oz @ $1.00" — this is the common stub pattern and likely not real cost data.
599650	condensed cream-oat milk	1.0000	g	5		g	T5	PLACEHOLDER-SUSPECTED	$1.00000/g | source: inline Details: 1 g @ $1.00 | PLACEHOLDER-SUSPECTED: RCC entry is "1 g @ $1.00" — this is the common stub pattern and likely not real cost data.
526263	Condensed Milk	1.0000	g	5		g	T5	PLACEHOLDER-SUSPECTED	$1.00000/g | source: inline Details: 1 g @ $1.00 | PLACEHOLDER-SUSPECTED: RCC entry is "1 g @ $1.00" — this is the common stub pattern and likely not real cost data.
510298	Coriander	1.0000	tbsp	3	Volume unit; NO ingredient-specific density and no name-pattern match — defaulted to water-like 1.0 g/ml (1 tbsp = 14.79 g). **Needs Gus confirmation.**	g	T3	PLACEHOLDER-SUSPECTED	$0.06763/g | source: inline Details: 1 tbsp @ $1.00 | PLACEHOLDER-SUSPECTED: RCC entry is "1 tbsp @ $1.00" — this is the common stub pattern and likely not real cost data.
529223	Corn Flakes	1.0000	oz	4		g	T4	PLACEHOLDER-SUSPECTED	$0.03527/g | source: inline Details: 1 oz @ $1.00 | PLACEHOLDER-SUSPECTED: RCC entry is "1 oz @ $1.00" — this is the common stub pattern and likely not real cost data.
599652	corn meal	1.0000	g	5		g	T5	PLACEHOLDER-SUSPECTED	$1.00000/g | source: inline Details: 1 g @ $1.00 | PLACEHOLDER-SUSPECTED: RCC entry is "1 g @ $1.00" — this is the common stub pattern and likely not real cost data.
507944	Cornstarch	0.1600	oz	4		g	T4	OK	$0.00564/g | source: supplier row: 16 oz @ $2.49 = $0.16/oz [US Foods Chefstore]
506942	Cotton Candy Flavor	0.0100	g	5		g	T5	OK	$0.01000/g | source: supplier row: 100 g @ $1.00 = $0.01/g [Green Mountain Flavors]
509844	Cranberries	1.0000	lb	4		g	T4	PLACEHOLDER-SUSPECTED	$0.00220/g | source: inline Details: 1 lb @ $1.00 | PLACEHOLDER-SUSPECTED: RCC entry is "1 lb @ $1.00" — this is the common stub pattern and likely not real cost data.
586897	Cranberry Puree	1.0000	Kg	4		g	T4	PLACEHOLDER-SUSPECTED	$0.00100/g | source: inline Details: 1 Kg @ $1.00 | PLACEHOLDER-SUSPECTED: RCC entry is "1 Kg @ $1.00" — this is the common stub pattern and likely not real cost data.
509127	Cream cheese	3.1600	lb	4		g	T4	OK	$0.00697/g | source: supplier row: 3 lb @ $9.49 = $3.16/lb [US Foods Chefstore]
507945	Cream of Tartar	1.0000	tbsp	4	RCC-provided converter: 2.46 tbsp 1 oz. Derived density 0.7793 g/ml; 1 tbsp = 11.52 g.	g	T4	PLACEHOLDER-SUSPECTED	$0.08677/g | source: inline Details: 1 tbsp @ $1.00 | PLACEHOLDER-SUSPECTED: RCC entry is "1 tbsp @ $1.00" — this is the common stub pattern and likely not real cost data.
539312	Creme Fraiche	1.0000	lb	4		g	T4	PLACEHOLDER-SUSPECTED	$0.00220/g | source: supplier row: 1 lb @ $1.00 = $1.00/lb [Chef's Warehouse] | PLACEHOLDER-SUSPECTED: RCC entry is "1 lb @ $1.00" — this is the common stub pattern and likely not real cost data.
590690	cucumber	1.0000	lb	4		g	T4	PLACEHOLDER-SUSPECTED	$0.00220/g | source: inline Details: 1 lb @ $1.00 | PLACEHOLDER-SUSPECTED: RCC entry is "1 lb @ $1.00" — this is the common stub pattern and likely not real cost data.
509122	Dark brown sugar	1.8500	lb	4		g	T4	OK	$0.00408/g | source: supplier row: 2 lb @ $3.69 = $1.85/lb [US Foods Chefstore]
510543	Dark chocolate callets	1.0000	lb	4		g	T4	PLACEHOLDER-SUSPECTED	$0.00220/g | source: supplier row: 1 lb @ $1.00 = $1.00/lb [Chef's Warehouse] | PLACEHOLDER-SUSPECTED: RCC entry is "1 lb @ $1.00" — this is the common stub pattern and likely not real cost data.
506723	Dark Chocolate Covered Espresso Beans	17.5600	Kg	4		g	T4	OK	$0.01756/g | source: supplier row: 2.3 Kg @ $40.39 = $17.56/Kg [US Foods Chefstore]
509123	Dark cocoa powder	1.0000	lb	4		g	T4	PLACEHOLDER-SUSPECTED	$0.00220/g | source: supplier row: 1 lb @ $1.00 = $1.00/lb [Chef's Warehouse] | PLACEHOLDER-SUSPECTED: RCC entry is "1 lb @ $1.00" — this is the common stub pattern and likely not real cost data.
528842	Dates	4.7700	lb	4		g	T4	OK	$0.01052/g | source: supplier row: 5 lb @ $23.85 = $4.77/lb [Chef's Warehouse]
509407	Dehydrated mini mallows	13.6900	lb	4		g	T4	OK	$0.03018/g | source: supplier row: 1 lb @ $13.69 = $13.69/lb [Amazon]
529222	Dried Apples	1.0000	lb	4		g	T4	PLACEHOLDER-SUSPECTED	$0.00220/g | source: inline Details: 1 lb @ $1.00 | PLACEHOLDER-SUSPECTED: RCC entry is "1 lb @ $1.00" — this is the common stub pattern and likely not real cost data.
590688	Dried Pears	1.0000	g	5		g	T5	PLACEHOLDER-SUSPECTED	$1.00000/g | source: supplier row: 1 g @ $1.00 = $1.00/g [Chef's Warehouse] | PLACEHOLDER-SUSPECTED: RCC entry is "1 g @ $1.00" — this is the common stub pattern and likely not real cost data.
509836	Earl Grey Tea	1.0000	oz	4		g	T4	PLACEHOLDER-SUSPECTED	$0.03527/g | source: supplier row: 1 oz @ $1.00 = $1.00/oz [Amazon] | PLACEHOLDER-SUSPECTED: RCC entry is "1 oz @ $1.00" — this is the common stub pattern and likely not real cost data.
528830	Egg Replacer	0.0833	oz	4		g	T4	OK	pack: 12 oz | $0.00294/g | source: inline Details: 12 oz @ $1.00
519843	Eggnog Flavor	1.0000	Kg	4		g	T4	PLACEHOLDER-SUSPECTED	$0.00100/g | source: supplier row: 1 Kg @ $1.00 = $1.00/Kg [Green Mountain Flavors] | PLACEHOLDER-SUSPECTED: RCC entry is "1 Kg @ $1.00" — this is the common stub pattern and likely not real cost data.
508241	Enjoy Life- Vegan mini chocolate chips	5.6100	lb	4		g	T4	OK	$0.01237/g | source: supplier row: 4/5 lb @ $112.18 = $5.61/lb [Webstaurant]
506711	Espresso Powder	2.2900	oz	4		g	T4	OK	$0.08078/g | source: supplier row: 12/2 oz @ $54.92 = $2.29/oz [Chef's Warehouse]
590689	Fabbri Hazelnut Spread	1.0000	Kg	4		g	T4	PLACEHOLDER-SUSPECTED	$0.00100/g | source: supplier row: 1 Kg @ $1.00 = $1.00/Kg [Webstaurant] | PLACEHOLDER-SUSPECTED: RCC entry is "1 Kg @ $1.00" — this is the common stub pattern and likely not real cost data.
539309	Farmers Market Strawberries	11.0000	lb	4		g	T4	OK	$0.02425/g | source: inline Details: 1 lb @ $11.00
507440	Fig spread	4.0600	lb	4		g	T4	OK	$0.00895/g | source: supplier row: 3.5 lb @ $14.20 = $4.06/lb [Chef's Warehouse]
507260	Flour	1.0600	lb	4		g	T4	OK	$0.00234/g | source: supplier row: 4/10 lb @ $42.49 = $1.06/lb [US Foods Chefstore]
509388	Food coloring	1.0000	g	5		g	T5	PLACEHOLDER-SUSPECTED	$1.00000/g | source: inline Details: 1 g @ $1.00 | PLACEHOLDER-SUSPECTED: RCC entry is "1 g @ $1.00" — this is the common stub pattern and likely not real cost data.
555091	Freeze Dried Strawberry Pieces	1.0000	g	5		g	T5	PLACEHOLDER-SUSPECTED	$1.00000/g | source: inline Details: 1 g @ $1.00 | PLACEHOLDER-SUSPECTED: RCC entry is "1 g @ $1.00" — this is the common stub pattern and likely not real cost data.
555090	freeze dried strawberry powder	1.0000	g	5		g	T5	PLACEHOLDER-SUSPECTED	$1.00000/g | source: inline Details: 1 g @ $1.00 | PLACEHOLDER-SUSPECTED: RCC entry is "1 g @ $1.00" — this is the common stub pattern and likely not real cost data.
507258	Fruit bracer	16.0000	lb	4		g	T4	OK	$0.03527/g | source: supplier row: 1 lb @ $16.00 = $16.00/lb [Green Mountain Flavors]
525586	Fruity cereal	1.0000	lb	4		g	T4	PLACEHOLDER-SUSPECTED	$0.00220/g | source: inline Details: 1 lb @ $1.00 | PLACEHOLDER-SUSPECTED: RCC entry is "1 lb @ $1.00" — this is the common stub pattern and likely not real cost data.
594063	geletin	1.0000	g	5		g	T5	PLACEHOLDER-SUSPECTED	$1.00000/g | source: inline Details: 1 g @ $1.00 | PLACEHOLDER-SUSPECTED: RCC entry is "1 g @ $1.00" — this is the common stub pattern and likely not real cost data.
509393	Ginger	1.0000	cup	4	RCC-provided converter: 3.81 oz 1 cup. Derived density 0.4557 g/ml; 1 cup = 108.01 g.	g	T4	PLACEHOLDER-SUSPECTED	$0.00926/g | source: supplier row: 1 cup @ $1.00 = $1.00/cup [US Foods Chefstore] | PLACEHOLDER-SUSPECTED: RCC entry is "1 cup @ $1.00" — this is the common stub pattern and likely not real cost data.
531507	Glazed Donuts	1.0000	dozen	1	Count-based unit "dozen" but no standard weight known for this item; would need Gus-specific weight.	g	T1	PLACEHOLDER-SUSPECTED	source: supplier row: 1 dozen @ $1.00 = $1.00/dozen [Haggen] | PLACEHOLDER-SUSPECTED: RCC entry is "1 dozen @ $1.00" — this is the common stub pattern and likely not real cost data. | NEEDS-GUS-WEIGHT: Count-based unit with no standard weight known for this specific item. | Tier 1: pure estimate; $/g not computed without per-item weight.
482247	Glucose	3.5900	lb	4		g	T4	OK	$0.00791/g | source: supplier row: 11 lb @ $39.45 = $3.59/lb [Chef's Warehouse]
506726	Glucose Powder	3.9000	lb	4		g	T4	OK	$0.00860/g | source: supplier row: 11 lb @ $42.93 = $3.90/lb [Chef's Warehouse]
528773	Gluten Free Flour (bobs red mill)	0.0400	lb	4		g	T4	OK	pack: 25 lb | $0.00009/g | source: inline Details: 25 lb @ $1.00
536652	Gluten Free Oreos-Double Stuffed	1.0000	g	5		g	T5	PLACEHOLDER-SUSPECTED	$1.00000/g | source: inline Details: 1 g @ $1.00 | PLACEHOLDER-SUSPECTED: RCC entry is "1 g @ $1.00" — this is the common stub pattern and likely not real cost data.
536651	Gluten Free Oreos-Single Stuffed	1.0000	g	5		g	T5	PLACEHOLDER-SUSPECTED	$1.00000/g | source: inline Details: 1 g @ $1.00 | PLACEHOLDER-SUSPECTED: RCC entry is "1 g @ $1.00" — this is the common stub pattern and likely not real cost data.
529221	Gluten Free Rolled Oats	1.0000	lb	4		g	T4	PLACEHOLDER-SUSPECTED	$0.00220/g | source: supplier row: 1 lb @ $1.00 = $1.00/lb [Chef's Warehouse] | PLACEHOLDER-SUSPECTED: RCC entry is "1 lb @ $1.00" — this is the common stub pattern and likely not real cost data.
530612	GMF Cake Batter Flavor	1.0000	oz	4		g	T4	PLACEHOLDER-SUSPECTED	$0.03527/g | source: supplier row: 1 oz @ $1.00 = $1.00/oz [Green Mountain Flavors] | PLACEHOLDER-SUSPECTED: RCC entry is "1 oz @ $1.00" — this is the common stub pattern and likely not real cost data.
536655	GMF Caramel Color	1.0000	oz	4		g	T4	PLACEHOLDER-SUSPECTED	$0.03527/g | source: supplier row: 1 oz @ $1.00 = $1.00/oz [Green Mountain Flavors] | PLACEHOLDER-SUSPECTED: RCC entry is "1 oz @ $1.00" — this is the common stub pattern and likely not real cost data.
536654	GMF Caramel Flavor	1.0000	oz	4		g	T4	PLACEHOLDER-SUSPECTED	$0.03527/g | source: supplier row: 1 oz @ $1.00 = $1.00/oz [Green Mountain Flavors] | PLACEHOLDER-SUSPECTED: RCC entry is "1 oz @ $1.00" — this is the common stub pattern and likely not real cost data.
506909	Goat Cheese	0.6100	oz	4		g	T4	OK	$0.02152/g | source: supplier row: 10.5 oz @ $6.39 = $0.61/oz [US Foods Chefstore]
510540	Golden oreos	1.0000	oz	4		g	T4	PLACEHOLDER-SUSPECTED	$0.03527/g | source: inline Details: 1 oz @ $1.00 | PLACEHOLDER-SUSPECTED: RCC entry is "1 oz @ $1.00" — this is the common stub pattern and likely not real cost data.
576266	Golden Raisins	1.0000	lb	4		g	T4	PLACEHOLDER-SUSPECTED	$0.00220/g | source: inline Details: 1 lb @ $1.00 | PLACEHOLDER-SUSPECTED: RCC entry is "1 lb @ $1.00" — this is the common stub pattern and likely not real cost data.
509701	Graham Cracker	0.3800	oz	4		g	T4	OK	$0.01340/g | source: supplier row: 14.4 oz @ $5.49 = $0.38/oz [US Foods Chefstore]
510299	Granny Smith Apple	1.0000	each	3	Count-based unit; standard weight: medium apple ~180g. 1 each = 180 g.	g	T3	PLACEHOLDER-SUSPECTED	$0.00556/g | source: inline Details: 1 each @ $1.00 | PLACEHOLDER-SUSPECTED: RCC entry is "1 each @ $1.00" — this is the common stub pattern and likely not real cost data.
506904	Grapefruit Puree	21.4800	Kg	4		g	T4	OK	$0.02148/g | source: supplier row: 6/1 Kg @ $128.87 = $21.48/Kg [Chef's Warehouse]
509713	Greek Yogurt	2.1600	lb	4		g	T4	OK	$0.00476/g | source: supplier row: 5 lb @ $10.79 = $2.16/lb [US Foods Chefstore]
509739	Green color	164.0000	gal	4	RCC-provided converter: 1 gal 10.42 lb. Derived density 1.2486 g/ml; 1 gal = 4726.43 g.	g	T4	OK	$0.03470/g | source: supplier row: 1 gal @ $164.00 = $164.00/gal [Green Mountain Flavors]
574628	Green sprinkles	1.0000	lb	4		g	T4	PLACEHOLDER-SUSPECTED	$0.00220/g | source: inline Details: 1 lb @ $1.00 | PLACEHOLDER-SUSPECTED: RCC entry is "1 lb @ $1.00" — this is the common stub pattern and likely not real cost data.
506985	Guava Puree	14.5600	Kg	4		g	T4	OK	$0.01456/g | source: supplier row: 6/1 Kg @ $87.36 = $14.56/Kg [Chef's Warehouse]
509366	Hazelnuts	5.4200	lb	4		g	T4	OK	$0.01195/g | source: supplier row: 5 lb @ $27.10 = $5.42/lb [Chef's Warehouse]
507943	Heat treated flour	2.8300	lb	4		g	T4	OK	$0.00624/g | source: supplier row: 6/5 lb @ $84.95 = $2.83/lb [Cookie Do]
506913	Heath Bar Pieces	5.8000	lb	4		g	T4	OK	$0.01279/g | source: supplier row: 5 lb @ $28.99 = $5.80/lb [US Foods Chefstore]
509697	Heavy Cream	0.2100	oz	4		g	T4	OK	$0.00741/g | source: supplier row: 64 oz @ $13.49 = $0.21/oz [US Foods Chefstore]
590758	Heirloom Tomato	1.0000	lb	4		g	T4	PLACEHOLDER-SUSPECTED	$0.00220/g | source: inline Details: 1 lb @ $1.00 | PLACEHOLDER-SUSPECTED: RCC entry is "1 lb @ $1.00" — this is the common stub pattern and likely not real cost data.
507435	Hibiscus	0.8700	oz	4		g	T4	OK	$0.03069/g | source: supplier row: 16 oz @ $13.88 = $0.87/oz [Amazon]
590780	Honey Flavor (GMF)	1.0000	g	5		g	T5	PLACEHOLDER-SUSPECTED	$1.00000/g | source: supplier row: 1 g @ $1.00 = $1.00/g [Green Mountain Flavors] | PLACEHOLDER-SUSPECTED: RCC entry is "1 g @ $1.00" — this is the common stub pattern and likely not real cost data.
519846	Honey Roasted Peanuts	1.0000	Kg	4		g	T4	PLACEHOLDER-SUSPECTED	$0.00100/g | source: inline Details: 1 Kg @ $1.00 | PLACEHOLDER-SUSPECTED: RCC entry is "1 Kg @ $1.00" — this is the common stub pattern and likely not real cost data.
590683	hot pepper paste	1.0000	oz	4		g	T4	PLACEHOLDER-SUSPECTED	$0.03527/g | source: supplier row: 1 oz @ $1.00 = $1.00/oz [Amazon] | PLACEHOLDER-SUSPECTED: RCC entry is "1 oz @ $1.00" — this is the common stub pattern and likely not real cost data.
591298	huckleberries	1.0000	lb	4		g	T4	PLACEHOLDER-SUSPECTED	$0.00220/g | source: inline Details: 1 lb @ $1.00 | PLACEHOLDER-SUSPECTED: RCC entry is "1 lb @ $1.00" — this is the common stub pattern and likely not real cost data.
482244	Ice Bracer	21.0000	lb	4		g	T4	OK	$0.04630/g | source: supplier row: 5 lb @ $105.00 = $21.00/lb [Green Mountain Flavors]
508267	Indonesian Vanilla Extract 2x	195.7400	gal	4	RCC-provided converter: 1 tbsp 13 g. Derived density 0.8792 g/ml; 1 gal = 3327.95 g.	g	T4	OK	$0.05882/g | source: supplier row: 1 gal @ $195.74 = $195.74/gal [Nielsen Massey]
586896	kalamansi puree	1.0000	Kg	4		g	T4	PLACEHOLDER-SUSPECTED	$0.00100/g | source: inline Details: 1 Kg @ $1.00 | PLACEHOLDER-SUSPECTED: RCC entry is "1 Kg @ $1.00" — this is the common stub pattern and likely not real cost data.
588120	Kiwi Puree	0.0000	Kg	0		g	T0	ZERO-PRICE	source: supplier row: 1000 Kg @ $1.00 = $0.00/Kg [Chef's Warehouse]
534918	Lady Fingers	0.0100	g	5		g	T5	OK	$0.01000/g | source: supplier row: 500 g @ $5.29 = $0.01/g [US Foods Chefstore]
507263	Large Eggs	0.2800	each	4	RCC-provided each-weight converter: 1 each 57 g. 1 each = 57.0 g.	g	T4	OK	$0.00491/g | source: supplier row: 60 each @ $16.59 = $0.28/each [US Foods Chefstore]
508257	Lavender Extract	6.7500	floz	3	Volume unit; assumed extract/flavor density 0.88 g/ml (1 floz = 26.02 g). Pattern: vanilla.*extract|extract|\bflavor\b.	g	T3	OK	$0.25937/g | source: supplier row: 2 floz @ $13.50 = $6.75/floz [Amazon]
590775	Lavender water flavor (GMF)	1.0000	oz	4		g	T4	PLACEHOLDER-SUSPECTED	$0.03527/g | source: supplier row: 1 oz @ $1.00 = $1.00/oz [Green Mountain Flavors] | PLACEHOLDER-SUSPECTED: RCC entry is "1 oz @ $1.00" — this is the common stub pattern and likely not real cost data.
509688	Lemon	1.1000	lb	4		g	T4	OK	$0.00243/g | source: supplier row: 5 lb @ $5.49 = $1.10/lb [US Foods Chefstore]
564472	Lemon emulsion GMF	1.0000	oz	4		g	T4	PLACEHOLDER-SUSPECTED	$0.03527/g | source: inline Details: 1 oz @ $1.00 | PLACEHOLDER-SUSPECTED: RCC entry is "1 oz @ $1.00" — this is the common stub pattern and likely not real cost data.
508256	Lemon Oil	4.4100	floz	3	Volume unit; assumed oil density 0.92 g/ml (1 floz = 27.21 g). Pattern: \boil\b|canola|olive oil|sesame oil|coconut oil(?!.*solid).	g	T3	OK	$0.16209/g | source: supplier row: 3.4 floz @ $15.00 = $4.41/floz [Amazon]
506728	Lemon Puree	15.3300	Kg	4		g	T4	OK	$0.01533/g | source: supplier row: 6/1 Kg @ $92.00 = $15.33/Kg [Chef's Warehouse]
507937	Light brown sugar	0.9200	lb	4		g	T4	OK	$0.00203/g | source: supplier row: 25 lb @ $22.89 = $0.92/lb [US Foods Chefstore]
507268	Light corn syrup	20.2900	gal	4	RCC-provided converter: 11.5 oz 1 cup. Derived density 1.3756 g/ml; 1 gal = 5207.24 g.	g	T4	OK	$0.00390/g | source: supplier row: 1 gal @ $20.29 = $20.29/gal [US Foods Chefstore]
506902	Lime Puree	18.5500	Kg	4		g	T4	OK	$0.01855/g | source: supplier row: 6/1 Kg @ $111.31 = $18.55/Kg [Chef's Warehouse]
528840	Limes	2.1200	lb	4		g	T4	OK	$0.00467/g | source: supplier row: 5 lb @ $10.59 = $2.12/lb [US Foods Chefstore]
539305	lychee puree	0.1700	oz	4		g	T4	OK	$0.00600/g | source: supplier row: 6 oz @ $1.00 = $0.17/oz [Chef's Warehouse]
587219	M&M candy pieces	1.0000	lb	4		g	T4	PLACEHOLDER-SUSPECTED	$0.00220/g | source: inline Details: 1 lb @ $1.00 | PLACEHOLDER-SUSPECTED: RCC entry is "1 lb @ $1.00" — this is the common stub pattern and likely not real cost data.
482083	Madagascar Vanilla 2x (Bourbon Vanilla)	284.4200	gal	4	RCC-provided converter: 1 tbsp 17 g. Derived density 1.1497 g/ml; 1 gal = 4351.93 g.	g	T4	OK	$0.06535/g | source: supplier row: 1 gal @ $284.42 = $284.42/gal [Nielsen Massey]
506912	Malted Milk Powder	5.9400	lb	4		g	T4	OK	$0.01310/g | source: supplier row: 6/2.5 lb @ $89.09 = $5.94/lb [US Foods Chefstore]
574599	Mami’s Oatrageous	1.0000	lb	4		g	T4	PLACEHOLDER-SUSPECTED	$0.00220/g | source: inline Details: 1 lb @ $1.00 | PLACEHOLDER-SUSPECTED: RCC entry is "1 lb @ $1.00" — this is the common stub pattern and likely not real cost data.
506908	Mandarin Puree	14.6600	Kg	4		g	T4	OK	$0.01466/g | source: supplier row: 6/1 Kg @ $87.96 = $14.66/Kg [Chef's Warehouse]
591300	mango chunks (frozen)	1.0000	lb	4		g	T4	PLACEHOLDER-SUSPECTED	$0.00220/g | source: inline Details: 1 lb @ $1.00 | PLACEHOLDER-SUSPECTED: RCC entry is "1 lb @ $1.00" — this is the common stub pattern and likely not real cost data.
507023	Mango Puree	19.1600	Kg	4		g	T4	OK	$0.01916/g | source: supplier row: 6/1 Kg @ $114.94 = $19.16/Kg [Chef's Warehouse]
482084	Maple Flavor (GMF)	10.0000	tsp	3	Volume unit; assumed extract/flavor density 0.88 g/ml (1 tsp = 4.34 g). Pattern: vanilla.*extract|extract|\bflavor\b.	g	T3	OK	$2.30546/g | source: inline Details: 1 tsp @ $10.00
481939	Maple Syrup	16.6000	qt	4	RCC-provided converter: 11.1 oz 1 cup. Derived density 1.3278 g/ml; 1 qt = 1256.53 g.	g	T4	OK	$0.01321/g | source: supplier row: 1 gal @ $66.41 = $16.60/qt [Chef's Warehouse]
507439	Marionberry spread	4.5800	lb	4		g	T4	OK	$0.01010/g | source: supplier row: 5.5 lb @ $25.21 = $4.58/lb [Chef's Warehouse]
574615	Marsala wine	1.0000	floz	3	Volume unit; assumed spirits/wine density 0.95 g/ml (1 floz = 28.09 g). Pattern: liqueur|liquor|wine|bourbon|rum|whiskey|whisky|brandy|gin|vodka|tequila.	g	T3	PLACEHOLDER-SUSPECTED	$0.03559/g | source: inline Details: 1 floz @ $1.00 | PLACEHOLDER-SUSPECTED: RCC entry is "1 floz @ $1.00" — this is the common stub pattern and likely not real cost data.
527486	Marshmallow fluff	4.2500	lb	4		g	T4	OK	$0.00937/g | source: supplier row: 6/3 lb @ $76.49 = $4.25/lb [Webstaurant]
509832	Marshmallows, Mini	0.2000	oz	4		g	T4	OK	$0.00705/g | source: supplier row: 16 oz @ $3.19 = $0.20/oz [US Foods Chefstore]
599651	masa harina	1.0000	g	5		g	T5	PLACEHOLDER-SUSPECTED	$1.00000/g | source: inline Details: 1 g @ $1.00 | PLACEHOLDER-SUSPECTED: RCC entry is "1 g @ $1.00" — this is the common stub pattern and likely not real cost data.
509833	Mascarpone	5.7200	lb	4		g	T4	OK	$0.01261/g | source: supplier row: 5 lb @ $28.59 = $5.72/lb [US Foods Chefstore]
482114	Matcha Powder	36.2600	Kg	4		g	T4	OK	$0.03626/g | source: supplier row: 1 Kg @ $36.26 = $36.26/Kg [Chef's Warehouse]
481937	Meadowvale 16% Dairy Ice Cream Base	3.8700	qt	3	Volume unit; assumed dairy density 1.03 g/ml (1 qt = 974.74 g). Pattern: cream(?!.*cheese)|milk|half.?and.?half|buttermilk|kefir.	g	T3	OK	$0.00397/g | source: supplier row: 2/10 qt @ $77.41 = $3.87/qt [Chef's Warehouse]
519087	Meadowvale Coconut base	5.3400	qt	3	Volume unit; NO ingredient-specific density and no name-pattern match — defaulted to water-like 1.0 g/ml (1 qt = 946.35 g). **Needs Gus confirmation.**	g	T3	OK	$0.00564/g | source: supplier row: 2/10 qt @ $106.78 = $5.34/qt [Chef's Warehouse]
574598	Meadowvale Peafection	4.5400	qt	3	Volume unit; NO ingredient-specific density and no name-pattern match — defaulted to water-like 1.0 g/ml (1 qt = 946.35 g). **Needs Gus confirmation.**	g	T3	OK	$0.00480/g | source: supplier row: 2/10 qt @ $90.70 = $4.54/qt [Chef's Warehouse]
482229	Mexican Vanilla 2x	318.6900	gal	4	RCC-provided converter: 1 tbsp 13 g. Derived density 0.8792 g/ml; 1 gal = 3327.95 g.	g	T4	OK	$0.09576/g | source: supplier row: 1 gal @ $318.69 = $318.69/gal [Nielsen Massey]
574606	Mezcal	1.0000	floz	3	Volume unit; NO ingredient-specific density and no name-pattern match — defaulted to water-like 1.0 g/ml (1 floz = 29.57 g). **Needs Gus confirmation.**	g	T3	PLACEHOLDER-SUSPECTED	$0.03381/g | source: inline Details: 1 floz @ $1.00 | PLACEHOLDER-SUSPECTED: RCC entry is "1 floz @ $1.00" — this is the common stub pattern and likely not real cost data.
506722	Milk Chocolate Covered Espresso Beans	8.0800	lb	4		g	T4	OK	$0.01781/g | source: supplier row: 5 lb @ $40.39 = $8.08/lb [US Foods Chefstore]
507951	Milk, Whole	0.0600	oz	4		g	T4	OK	$0.00212/g | source: supplier row: 64 oz @ $3.79 = $0.06/oz [US Foods Chefstore]
574608	Mini Cadbury eggs	1.0000	g	5		g	T5	PLACEHOLDER-SUSPECTED	$1.00000/g | source: inline Details: 1 g @ $1.00 | PLACEHOLDER-SUSPECTED: RCC entry is "1 g @ $1.00" — this is the common stub pattern and likely not real cost data.
509385	Mini Chips ahoy	0.5400	oz	4		g	T4	OK	$0.01905/g | source: supplier row: 8 oz @ $4.29 = $0.54/oz [QFC]
509124	Mini chocolate chips	4.7500	lb	4		g	T4	OK	$0.01047/g | source: supplier row: 30 lb @ $142.49 = $4.75/lb [Webstaurant]
519838	Mini Marshmallows	1.0000	oz	4		g	T4	PLACEHOLDER-SUSPECTED	$0.03527/g | source: inline Details: 1 oz @ $1.00 | PLACEHOLDER-SUSPECTED: RCC entry is "1 oz @ $1.00" — this is the common stub pattern and likely not real cost data.
509386	Mini oreos	0.5400	oz	4		g	T4	OK	$0.01905/g | source: supplier row: 8 oz @ $4.29 = $0.54/oz [QFC]
510289	Mint, fresh	1.0000	lb	4		g	T4	PLACEHOLDER-SUSPECTED	$0.00220/g | source: inline Details: 1 lb @ $1.00 | PLACEHOLDER-SUSPECTED: RCC entry is "1 lb @ $1.00" — this is the common stub pattern and likely not real cost data.
482082	Miso	7.8500	Kg	4		g	T4	OK	$0.00785/g | source: supplier row: 1 Kg @ $7.85 = $7.85/Kg [Chef's Warehouse]
528767	Mixed Nuts	1.0000	lb	4		g	T4	PLACEHOLDER-SUSPECTED	$0.00220/g | source: inline Details: 1 lb @ $1.00 | PLACEHOLDER-SUSPECTED: RCC entry is "1 lb @ $1.00" — this is the common stub pattern and likely not real cost data.
506720	Molasses	22.5500	gal	4	RCC-provided converter: 11.6 oz 1 cup. Derived density 1.3876 g/ml; 1 gal = 5252.52 g.	g	T4	OK	$0.00429/g | source: supplier row: 1 gal @ $22.55 = $22.55/gal [Chef's Warehouse]
587224	Mounds Bars	1.0000	lb	4		g	T4	PLACEHOLDER-SUSPECTED	$0.00220/g | source: inline Details: 1 lb @ $1.00 | PLACEHOLDER-SUSPECTED: RCC entry is "1 lb @ $1.00" — this is the common stub pattern and likely not real cost data.
482242	Nectarine Puree	10.0000	Kg	4		g	T4	OK	$0.01000/g | source: inline Details: 1 Kg @ $10.00
587230	Nestle Crunch Bars	1.0000	lb	4		g	T4	PLACEHOLDER-SUSPECTED	$0.00220/g | source: inline Details: 1 lb @ $1.00 | PLACEHOLDER-SUSPECTED: RCC entry is "1 lb @ $1.00" — this is the common stub pattern and likely not real cost data.
509696	Non-Dairy Whip Topping	2.9000	lb	4		g	T4	OK	$0.00639/g | source: supplier row: 2 lb @ $5.79 = $2.90/lb [US Foods Chefstore]
509410	Nutmeg	1.0000	cup	4	RCC-provided converter: 3.76 oz 1 cup. Derived density 0.4498 g/ml; 1 cup = 106.59 g.	g	T4	PLACEHOLDER-SUSPECTED	$0.00938/g | source: inline Details: 1 cup @ $1.00 | PLACEHOLDER-SUSPECTED: RCC entry is "1 cup @ $1.00" — this is the common stub pattern and likely not real cost data.
510138	Nutter Butter	0.0100	g	5		g	T5	OK	$0.01000/g | source: supplier row: 4/672 g @ $31.17 = $0.01/g [Amazon]
594065	oat milk	1.0000	qt	3	Volume unit; assumed dairy density 1.03 g/ml (1 qt = 974.74 g). Pattern: cream(?!.*cheese)|milk|half.?and.?half|buttermilk|kefir.	g	T3	PLACEHOLDER-SUSPECTED	$0.00103/g | source: supplier row: 1 qt @ $1.00 = $1.00/qt [Chef's Warehouse] | PLACEHOLDER-SUSPECTED: RCC entry is "1 qt @ $1.00" — this is the common stub pattern and likely not real cost data.
536811	Oat Soft Serve Mix (Vanilla)	18.3500	gal	3	Volume unit; NO ingredient-specific density and no name-pattern match — defaulted to water-like 1.0 g/ml (1 gal = 3785.41 g). **Needs Gus confirmation.**	g	T3	OK	$0.00485/g | source: supplier row: 6/0.5 gal @ $55.05 = $18.35/gal [Chef's Warehouse]
576269	Orange bitters	1.0000	oz	4		g	T4	PLACEHOLDER-SUSPECTED	$0.03527/g | source: inline Details: 1 oz @ $1.00 | PLACEHOLDER-SUSPECTED: RCC entry is "1 oz @ $1.00" — this is the common stub pattern and likely not real cost data.
506906	Orange Blossom Water	0.5900	floz	4	RCC-provided converter: 1 oz 1 floz. Derived density 0.9586 g/ml; 1 floz = 28.35 g.	g	T4	OK	$0.02081/g | source: supplier row: 17 floz @ $9.95 = $0.59/floz [Amazon]
506907	Orange Oil	3.9400	floz	3	Volume unit; assumed oil density 0.92 g/ml (1 floz = 27.21 g). Pattern: \boil\b|canola|olive oil|sesame oil|coconut oil(?!.*solid).	g	T3	OK	$0.14481/g | source: supplier row: 12.7 floz @ $49.99 = $3.94/floz [Amazon]
574623	Orange sprinkles	1.0000	g	5		g	T5	PLACEHOLDER-SUSPECTED	$1.00000/g | source: inline Details: 1 g @ $1.00 | PLACEHOLDER-SUSPECTED: RCC entry is "1 g @ $1.00" — this is the common stub pattern and likely not real cost data.
509860	Oranges	1.0000	each	1	Count-based unit "each" but no standard weight known for this item; would need Gus-specific weight.	g	T1	PLACEHOLDER-SUSPECTED	source: inline Details: 1 each @ $1.00 | PLACEHOLDER-SUSPECTED: RCC entry is "1 each @ $1.00" — this is the common stub pattern and likely not real cost data. | NEEDS-GUS-WEIGHT: Count-based unit with no standard weight known for this specific item. | Tier 1: pure estimate; $/g not computed without per-item weight.
482115	Oreo Pieces	4.6400	lb	4		g	T4	OK	$0.01023/g | source: supplier row: 4/2.5 lb @ $46.39 = $4.64/lb [US Foods Chefstore]
574607	Organic chai concentrate	1.0000	floz	3	Volume unit; NO ingredient-specific density and no name-pattern match — defaulted to water-like 1.0 g/ml (1 floz = 29.57 g). **Needs Gus confirmation.**	g	T3	PLACEHOLDER-SUSPECTED	$0.03381/g | source: inline Details: 1 floz @ $1.00 | PLACEHOLDER-SUSPECTED: RCC entry is "1 floz @ $1.00" — this is the common stub pattern and likely not real cost data.
507436	Organic rose petals	3.5000	oz	4		g	T4	OK	$0.12346/g | source: supplier row: 4 oz @ $13.99 = $3.50/oz [Amazon]
506986	Passionfruit Puree	22.7700	Kg	4		g	T4	OK	$0.02277/g | source: supplier row: 6/1 Kg @ $136.64 = $22.77/Kg [Chef's Warehouse]
519842	Pasteurized Egg Yolks	1.0000	Kg	4		g	T4	PLACEHOLDER-SUSPECTED	$0.00100/g | source: inline Details: 1 Kg @ $1.00 | PLACEHOLDER-SUSPECTED: RCC entry is "1 Kg @ $1.00" — this is the common stub pattern and likely not real cost data.
586505	peach flavor gmf	1.0000	gal	3	Volume unit; assumed extract/flavor density 0.88 g/ml (1 gal = 3331.16 g). Pattern: vanilla.*extract|extract|\bflavor\b.	g	T3	PLACEHOLDER-SUSPECTED	$0.00030/g | source: supplier row: 1 gal @ $1.00 = $1.00/gal [Green Mountain Flavors] | PLACEHOLDER-SUSPECTED: RCC entry is "1 gal @ $1.00" — this is the common stub pattern and likely not real cost data.
590686	Peach Jam	1.0000	lb	4		g	T4	PLACEHOLDER-SUSPECTED	$0.00220/g | source: inline Details: 1 lb @ $1.00 | PLACEHOLDER-SUSPECTED: RCC entry is "1 lb @ $1.00" — this is the common stub pattern and likely not real cost data.
510538	Peaches	1.0000	lb	4		g	T4	PLACEHOLDER-SUSPECTED	$0.00220/g | source: inline Details: 1 lb @ $1.00 | PLACEHOLDER-SUSPECTED: RCC entry is "1 lb @ $1.00" — this is the common stub pattern and likely not real cost data.
510545	Peanut butter	1.0000	oz	4		g	T4	PLACEHOLDER-SUSPECTED	$0.03527/g | source: inline Details: 1 oz @ $1.00 | PLACEHOLDER-SUSPECTED: RCC entry is "1 oz @ $1.00" — this is the common stub pattern and likely not real cost data.
510141	Peanut Butter Chips	3.4300	lb	4		g	T4	OK	$0.00756/g | source: supplier row: 25 lb @ $85.78 = $3.43/lb [Webstaurant]
510139	Peanut Butter Cups, Mini	5.1500	lb	4		g	T4	OK	$0.01135/g | source: supplier row: 10 lb @ $51.49 = $5.15/lb [Webstaurant]
509700	Peanut Butter Sauce	4.0000	lb	4		g	T4	OK	$0.00882/g | source: supplier row: 4.5 lb @ $17.99 = $4.00/lb [US Foods Chefstore]
574602	Peapal	1.0000	oz	4		g	T4	PLACEHOLDER-SUSPECTED	$0.03527/g | source: supplier row: 1 oz @ $1.00 = $1.00/oz [Green Mountain Flavors] | PLACEHOLDER-SUSPECTED: RCC entry is "1 oz @ $1.00" — this is the common stub pattern and likely not real cost data.
590687	Pear Puree	0.0000	floz	0		g	T0	ZERO-PRICE	source: supplier row: 1000 floz @ $1.00 = $0.00/floz [Chef's Warehouse]
539392	Pecans	1.0000	lb	4		g	T4	PLACEHOLDER-SUSPECTED	$0.00220/g | source: inline Details: 1 lb @ $1.00 | PLACEHOLDER-SUSPECTED: RCC entry is "1 lb @ $1.00" — this is the common stub pattern and likely not real cost data.
510297	Pepper	1.0000	tbsp	3	Volume unit; NO ingredient-specific density and no name-pattern match — defaulted to water-like 1.0 g/ml (1 tbsp = 14.79 g). **Needs Gus confirmation.**	g	T3	PLACEHOLDER-SUSPECTED	$0.06763/g | source: supplier row: 1 tbsp @ $1.00 = $1.00/tbsp [US Foods Chefstore] | PLACEHOLDER-SUSPECTED: RCC entry is "1 tbsp @ $1.00" — this is the common stub pattern and likely not real cost data.
510293	Peppercorns	1.0000	each	1	Count-based unit "each" but no standard weight known for this item; would need Gus-specific weight.	g	T1	PLACEHOLDER-SUSPECTED	source: supplier row: 1 each @ $1.00 = $1.00/each [US Foods Chefstore] | PLACEHOLDER-SUSPECTED: RCC entry is "1 each @ $1.00" — this is the common stub pattern and likely not real cost data. | NEEDS-GUS-WEIGHT: Count-based unit with no standard weight known for this specific item. | Tier 1: pure estimate; $/g not computed without per-item weight.
527492	Peppermint candy	4.0800	lb	4		g	T4	OK	$0.00899/g | source: supplier row: 10 lb @ $40.79 = $4.08/lb [Webstaurant]
508252	Peppermint Oil	8.9900	floz	3	Volume unit; assumed oil density 0.92 g/ml (1 floz = 27.21 g). Pattern: \boil\b|canola|olive oil|sesame oil|coconut oil(?!.*solid).	g	T3	OK	$0.33042/g | source: supplier row: 1 floz @ $8.99 = $8.99/floz [Amazon]
574620	Phyllo Dough	1.0000	g	5		g	T5	PLACEHOLDER-SUSPECTED	$1.00000/g | source: supplier row: 1 g @ $1.00 = $1.00/g [US Foods Chefstore] | PLACEHOLDER-SUSPECTED: RCC entry is "1 g @ $1.00" — this is the common stub pattern and likely not real cost data.
590691	pickles	1.0000	gal	3	Volume unit; NO ingredient-specific density and no name-pattern match — defaulted to water-like 1.0 g/ml (1 gal = 3785.41 g). **Needs Gus confirmation.**	g	T3	PLACEHOLDER-SUSPECTED	$0.00026/g | source: inline Details: 1 gal @ $1.00 | PLACEHOLDER-SUSPECTED: RCC entry is "1 gal @ $1.00" — this is the common stub pattern and likely not real cost data.
598056	Pie Cherries	1.0000	oz	4		g	T4	PLACEHOLDER-SUSPECTED	$0.03527/g | source: inline Details: 1 oz @ $1.00 | PLACEHOLDER-SUSPECTED: RCC entry is "1 oz @ $1.00" — this is the common stub pattern and likely not real cost data.
509839	Pineapple chunks	1.0000	each	1	Count-based unit "each" but no standard weight known for this item; would need Gus-specific weight.	g	T1	PLACEHOLDER-SUSPECTED	source: inline Details: 1 each @ $1.00 | PLACEHOLDER-SUSPECTED: RCC entry is "1 each @ $1.00" — this is the common stub pattern and likely not real cost data. | NEEDS-GUS-WEIGHT: Count-based unit with no standard weight known for this specific item. | Tier 1: pure estimate; $/g not computed without per-item weight.
509840	Pineapple Gmf	1.0000	floz	3	Volume unit; NO ingredient-specific density and no name-pattern match — defaulted to water-like 1.0 g/ml (1 floz = 29.57 g). **Needs Gus confirmation.**	g	T3	PLACEHOLDER-SUSPECTED	$0.03381/g | source: supplier row: 1 floz @ $1.00 = $1.00/floz [Green Mountain Flavors] | PLACEHOLDER-SUSPECTED: RCC entry is "1 floz @ $1.00" — this is the common stub pattern and likely not real cost data.
506943	Pink Pitaya Powder	3.6000	oz	4		g	T4	OK	$0.12699/g | source: supplier row: 5 oz @ $17.99 = $3.60/oz [Amazon]
536657	Pink Sprinkle	1.0000	lb	4		g	T4	PLACEHOLDER-SUSPECTED	$0.00220/g | source: inline Details: 1 lb @ $1.00 | PLACEHOLDER-SUSPECTED: RCC entry is "1 lb @ $1.00" — this is the common stub pattern and likely not real cost data.
509738	Pistachio GMF	0.0600	oz	4		g	T4	OK	$0.00212/g | source: supplier row: 16 oz @ $1.00 = $0.06/oz [Green Mountain Flavors]
509737	Pistachios	11.4700	lb	4		g	T4	OK	$0.02529/g | source: supplier row: 5 lb @ $57.34 = $11.47/lb [Chef's Warehouse]
590745	pluot (red)	1.0000	lb	4		g	T4	PLACEHOLDER-SUSPECTED	$0.00220/g | source: inline Details: 1 lb @ $1.00 | PLACEHOLDER-SUSPECTED: RCC entry is "1 lb @ $1.00" — this is the common stub pattern and likely not real cost data.
590746	pluot (yellow)	1.0000	lb	4		g	T4	PLACEHOLDER-SUSPECTED	$0.00220/g | source: inline Details: 1 lb @ $1.00 | PLACEHOLDER-SUSPECTED: RCC entry is "1 lb @ $1.00" — this is the common stub pattern and likely not real cost data.
586900	Pomegranate Concentrate	1.0000	Kg	4		g	T4	PLACEHOLDER-SUSPECTED	$0.00100/g | source: inline Details: 1 Kg @ $1.00 | PLACEHOLDER-SUSPECTED: RCC entry is "1 Kg @ $1.00" — this is the common stub pattern and likely not real cost data.
586898	pomegranate puree	1.0000	Kg	4		g	T4	PLACEHOLDER-SUSPECTED	$0.00100/g | source: inline Details: 1 Kg @ $1.00 | PLACEHOLDER-SUSPECTED: RCC entry is "1 Kg @ $1.00" — this is the common stub pattern and likely not real cost data.
531508	Poppyseeds	0.6000	oz	4		g	T4	OK	$0.02116/g | source: supplier row: 18 oz @ $10.73 = $0.60/oz [Chef's Warehouse]
525589	Potato chips	0.4300	oz	4		g	T4	OK	$0.01517/g | source: supplier row: 13 oz @ $5.59 = $0.43/oz [US Foods Chefstore]
507264	Powdered Sugar	1.8000	lb	4		g	T4	OK	$0.00397/g | source: supplier row: 2 lb @ $3.59 = $1.80/lb [US Foods Chefstore]
509404	Pretzels	0.1700	oz	4		g	T4	OK	$0.00600/g | source: supplier row: 48 oz @ $8.29 = $0.17/oz [US Foods Chefstore]
590757	prickly pear puree	1.0000	g	5		g	T5	PLACEHOLDER-SUSPECTED	$1.00000/g | source: inline Details: 1 g @ $1.00 | PLACEHOLDER-SUSPECTED: RCC entry is "1 g @ $1.00" — this is the common stub pattern and likely not real cost data.
574611	Pumpkin gmf	1.0000	floz	3	Volume unit; NO ingredient-specific density and no name-pattern match — defaulted to water-like 1.0 g/ml (1 floz = 29.57 g). **Needs Gus confirmation.**	g	T3	PLACEHOLDER-SUSPECTED	$0.03381/g | source: inline Details: 1 floz @ $1.00 | PLACEHOLDER-SUSPECTED: RCC entry is "1 floz @ $1.00" — this is the common stub pattern and likely not real cost data.
509411	Pumpkin puree	0.1700	oz	4		g	T4	OK	$0.00600/g | source: supplier row: 29 oz @ $4.89 = $0.17/oz [US Foods Chefstore]
509742	Purple Carrot Extract	0.0600	oz	4		g	T4	OK	$0.00212/g | source: supplier row: 16 oz @ $1.00 = $0.06/oz [Green Mountain Flavors]
507433	Rainbow sprinkles	2.8100	lb	4		g	T4	OK	$0.00619/g | source: supplier row: 7 lb @ $19.68 = $2.81/lb [Restaurant Depot]
574617	Raisins	1.0000	lb	4		g	T4	PLACEHOLDER-SUSPECTED	$0.00220/g | source: inline Details: 1 lb @ $1.00 | PLACEHOLDER-SUSPECTED: RCC entry is "1 lb @ $1.00" — this is the common stub pattern and likely not real cost data.
563993	Raspberries, Frozen	5.4800	lb	4		g	T4	OK	$0.01208/g | source: supplier row: 5 lb @ $27.39 = $5.48/lb [US Foods Chefstore]
509841	Raspberry GMF	1.0000	oz	4		g	T4	PLACEHOLDER-SUSPECTED	$0.03527/g | source: supplier row: 1 oz @ $1.00 = $1.00/oz [Green Mountain Flavors] | PLACEHOLDER-SUSPECTED: RCC entry is "1 oz @ $1.00" — this is the common stub pattern and likely not real cost data.
576247	Raspberry Jam	1.0000	oz	4		g	T4	PLACEHOLDER-SUSPECTED	$0.03527/g | source: supplier row: 1 oz @ $1.00 = $1.00/oz [US Foods Chefstore] | PLACEHOLDER-SUSPECTED: RCC entry is "1 oz @ $1.00" — this is the common stub pattern and likely not real cost data.
506903	Raspberry Puree	19.0200	Kg	4		g	T4	OK	$0.01902/g | source: supplier row: 6/1 Kg @ $114.14 = $19.02/Kg [Chef's Warehouse]
574605	Red currant puree	1.0000	Kg	4		g	T4	PLACEHOLDER-SUSPECTED	$0.00100/g | source: inline Details: 1 Kg @ $1.00 | PLACEHOLDER-SUSPECTED: RCC entry is "1 Kg @ $1.00" — this is the common stub pattern and likely not real cost data.
536656	Red Sprinkles	1.0000	lb	4		g	T4	PLACEHOLDER-SUSPECTED	$0.00220/g | source: inline Details: 1 lb @ $1.00 | PLACEHOLDER-SUSPECTED: RCC entry is "1 lb @ $1.00" — this is the common stub pattern and likely not real cost data.
509845	Red Wine	1.0000	oz	4		g	T4	PLACEHOLDER-SUSPECTED	$0.03527/g | source: inline Details: 1 oz @ $1.00 | PLACEHOLDER-SUSPECTED: RCC entry is "1 oz @ $1.00" — this is the common stub pattern and likely not real cost data.
587231	reeses cups pieces	1.0000	lb	4		g	T4	PLACEHOLDER-SUSPECTED	$0.00220/g | source: inline Details: 1 lb @ $1.00 | PLACEHOLDER-SUSPECTED: RCC entry is "1 lb @ $1.00" — this is the common stub pattern and likely not real cost data.
591309	rhubarb puree	1.0000	Kg	4		g	T4	PLACEHOLDER-SUSPECTED	$0.00100/g | source: supplier row: 1 Kg @ $1.00 = $1.00/Kg [Chef's Warehouse] | PLACEHOLDER-SUSPECTED: RCC entry is "1 Kg @ $1.00" — this is the common stub pattern and likely not real cost data.
510536	Rhubarb, cut and washed	1.0000	lb	4		g	T4	PLACEHOLDER-SUSPECTED	$0.00220/g | source: inline Details: 1 lb @ $1.00 | PLACEHOLDER-SUSPECTED: RCC entry is "1 lb @ $1.00" — this is the common stub pattern and likely not real cost data.
599640	rice flour	1.0000	g	5		g	T5	PLACEHOLDER-SUSPECTED	$1.00000/g | source: inline Details: 1 g @ $1.00 | PLACEHOLDER-SUSPECTED: RCC entry is "1 g @ $1.00" — this is the common stub pattern and likely not real cost data.
528768	Rice Krispie	1.0000	lb	4		g	T4	PLACEHOLDER-SUSPECTED	$0.00220/g | source: inline Details: 1 lb @ $1.00 | PLACEHOLDER-SUSPECTED: RCC entry is "1 lb @ $1.00" — this is the common stub pattern and likely not real cost data.
509691	Ricotta Cheese	3.0200	lb	4		g	T4	OK	$0.00666/g | source: supplier row: 5 lb @ $15.09 = $3.02/lb [US Foods Chefstore]
555095	Ritz Crackers	1.0000	lb	4		g	T4	PLACEHOLDER-SUSPECTED	$0.00220/g | source: inline Details: 1 lb @ $1.00 | PLACEHOLDER-SUSPECTED: RCC entry is "1 lb @ $1.00" — this is the common stub pattern and likely not real cost data.
508254	Rose Extract	7.4800	floz	3	Volume unit; assumed extract/flavor density 0.88 g/ml (1 floz = 26.02 g). Pattern: vanilla.*extract|extract|\bflavor\b.	g	T3	OK	$0.28742/g | source: supplier row: 2 floz @ $14.95 = $7.48/floz [Amazon]
506938	Rose Water	1.0000	tsp	4	RCC-provided converter: 1 tsp 2 g. Derived density 0.4058 g/ml; 1 tsp = 2.00 g.	g	T4	PLACEHOLDER-SUSPECTED	$0.50000/g | source: inline Details: 1 tsp @ $1.00 | PLACEHOLDER-SUSPECTED: RCC entry is "1 tsp @ $1.00" — this is the common stub pattern and likely not real cost data.
590681	Sage GMF	1.0000	oz	4		g	T4	PLACEHOLDER-SUSPECTED	$0.03527/g | source: supplier row: 1 oz @ $1.00 = $1.00/oz [Green Mountain Flavors] | PLACEHOLDER-SUSPECTED: RCC entry is "1 oz @ $1.00" — this is the common stub pattern and likely not real cost data.
588184	saigon cinnamon	1.0000	g	5		g	T5	PLACEHOLDER-SUSPECTED	$1.00000/g | source: inline Details: 1 g @ $1.00 | PLACEHOLDER-SUSPECTED: RCC entry is "1 g @ $1.00" — this is the common stub pattern and likely not real cost data.
507953	Salt	1.0000	oz	4		g	T4	PLACEHOLDER-SUSPECTED	$0.03527/g | source: inline Details: 1 oz @ $1.00 | PLACEHOLDER-SUSPECTED: RCC entry is "1 oz @ $1.00" — this is the common stub pattern and likely not real cost data.
507948	Sanding sugar	1.0000	oz	4		g	T4	PLACEHOLDER-SUSPECTED	$0.03527/g | source: inline Details: 1 oz @ $1.00 | PLACEHOLDER-SUSPECTED: RCC entry is "1 oz @ $1.00" — this is the common stub pattern and likely not real cost data.
507024	Sea Buckthorn Puree	10.0000	Kg	4		g	T4	OK	$0.01000/g | source: inline Details: 1 Kg @ $10.00
506914	Sea Salt	8.5200	lb	4		g	T4	OK	$0.01878/g | source: supplier row: 3.1 lb @ $26.41 = $8.52/lb [Chef's Warehouse]
509364	Semi Sweet Chocolate	1.0000	lb	4		g	T4	PLACEHOLDER-SUSPECTED	$0.00220/g | source: inline Details: 1 lb @ $1.00 | PLACEHOLDER-SUSPECTED: RCC entry is "1 lb @ $1.00" — this is the common stub pattern and likely not real cost data.
526262	Shredded Coconut	1.0000	lb	4		g	T4	PLACEHOLDER-SUSPECTED	$0.00220/g | source: inline Details: 1 lb @ $1.00 | PLACEHOLDER-SUSPECTED: RCC entry is "1 lb @ $1.00" — this is the common stub pattern and likely not real cost data.
591306	smoobees (strawberry)	1.0000	g	5		g	T5	PLACEHOLDER-SUSPECTED	$1.00000/g | source: inline Details: 1 g @ $1.00 | PLACEHOLDER-SUSPECTED: RCC entry is "1 g @ $1.00" — this is the common stub pattern and likely not real cost data.
590692	snickers	1.0000	g	5		g	T5	PLACEHOLDER-SUSPECTED	$1.00000/g | source: supplier row: 1 g @ $1.00 = $1.00/g [Amazon] | PLACEHOLDER-SUSPECTED: RCC entry is "1 g @ $1.00" — this is the common stub pattern and likely not real cost data.
507950	Sourcream	2.2000	lb	4		g	T4	OK	$0.00485/g | source: supplier row: 5 lb @ $10.99 = $2.20/lb [US Foods Chefstore]
590762	soursop puree	1.0000	g	5		g	T5	PLACEHOLDER-SUSPECTED	$1.00000/g | source: supplier row: 1 g @ $1.00 = $1.00/g [Chef's Warehouse] | PLACEHOLDER-SUSPECTED: RCC entry is "1 g @ $1.00" — this is the common stub pattern and likely not real cost data.
555092	Soy Milk	1.0000	oz	4		g	T4	PLACEHOLDER-SUSPECTED	$0.03527/g | source: supplier row: 1 oz @ $1.00 = $1.00/oz [US Foods Chefstore] | PLACEHOLDER-SUSPECTED: RCC entry is "1 oz @ $1.00" — this is the common stub pattern and likely not real cost data.
508253	Spirulina Powder	0.4800	g	5		g	T5	NEEDS-REPRICE	$0.48000/g | source: supplier row: 50 g @ $23.95 = $0.48/g [Amazon] | OUTLIER-HIGH: $/g = 0.4800 is well above typical wholesale food range; verify RCC price is correct.
527495	Star anise	1.0000	g	5		g	T5	PLACEHOLDER-SUSPECTED	$1.00000/g | source: supplier row: 1 g @ $1.00 = $1.00/g [US Foods Chefstore] | PLACEHOLDER-SUSPECTED: RCC entry is "1 g @ $1.00" — this is the common stub pattern and likely not real cost data.
509711	Strawberries, Frozen	2.6600	lb	4		g	T4	OK	$0.00586/g | source: supplier row: 5 lb @ $13.29 = $2.66/lb [US Foods Chefstore]
508251	Strawberry Paste	33.9900	Kg	4		g	T4	OK	$0.03399/g | source: supplier row: 1.5 Kg @ $50.99 = $33.99/Kg [Webstaurant]
506725	Strawberry Puree	18.3200	Kg	4		g	T4	OK	$0.01832/g | source: supplier row: 6/1 Kg @ $109.91 = $18.32/Kg [Chef's Warehouse]
509398	Sugar (RAW)	1.0000	cup	3	Volume unit; NO ingredient-specific density and no name-pattern match — defaulted to water-like 1.0 g/ml (1 cup = 237.00 g). **Needs Gus confirmation.**	g	T3	PLACEHOLDER-SUSPECTED	$0.00422/g | source: inline Details: 1 cup @ $1.00 | PLACEHOLDER-SUSPECTED: RCC entry is "1 cup @ $1.00" — this is the common stub pattern and likely not real cost data.
507432	Sun butter	4.0000	lb	4		g	T4	OK	$0.00882/g | source: supplier row: 2/5 lb @ $39.99 = $4.00/lb [Webstaurant]
587213	sweet basil flavor	1.0000	oz	4		g	T4	PLACEHOLDER-SUSPECTED	$0.03527/g | source: supplier row: 1 oz @ $1.00 = $1.00/oz [Green Mountain Flavors] | PLACEHOLDER-SUSPECTED: RCC entry is "1 oz @ $1.00" — this is the common stub pattern and likely not real cost data.
590834	sweet corn extract	1.0000	g	5		g	T5	PLACEHOLDER-SUSPECTED	$1.00000/g | source: inline Details: 1 g @ $1.00 | PLACEHOLDER-SUSPECTED: RCC entry is "1 g @ $1.00" — this is the common stub pattern and likely not real cost data.
510539	Sweet Potatoes	1.0000	each	1	Count-based unit "each" but no standard weight known for this item; would need Gus-specific weight.	g	T1	PLACEHOLDER-SUSPECTED	source: inline Details: 1 each @ $1.00 | PLACEHOLDER-SUSPECTED: RCC entry is "1 each @ $1.00" — this is the common stub pattern and likely not real cost data. | NEEDS-GUS-WEIGHT: Count-based unit with no standard weight known for this specific item. | Tier 1: pure estimate; $/g not computed without per-item weight.
482227	Tahitian Vanilla	470.0600	gal	4	RCC-provided converter: 1 tbsp 13 g. Derived density 0.8792 g/ml; 1 gal = 3327.95 g.	g	T4	OK	$0.14125/g | source: supplier row: 1 gal @ $470.06 = $470.06/gal [Nielsen Massey]
510296	Tapioca starch	1.0000	lb	4		g	T4	PLACEHOLDER-SUSPECTED	$0.00220/g | source: inline Details: 1 lb @ $1.00 | PLACEHOLDER-SUSPECTED: RCC entry is "1 lb @ $1.00" — this is the common stub pattern and likely not real cost data.
510290	Tart Dried Cherries	1.0000	lb	4		g	T4	PLACEHOLDER-SUSPECTED	$0.00220/g | source: inline Details: 1 lb @ $1.00 | PLACEHOLDER-SUSPECTED: RCC entry is "1 lb @ $1.00" — this is the common stub pattern and likely not real cost data.
587246	thyme	1.0000	lb	4		g	T4	PLACEHOLDER-SUSPECTED	$0.00220/g | source: inline Details: 1 lb @ $1.00 | PLACEHOLDER-SUSPECTED: RCC entry is "1 lb @ $1.00" — this is the common stub pattern and likely not real cost data.
506915	Trablit Coffee Extract	44.1100	L	3	Volume unit; assumed brewed coffee density 1 g/ml (1 L = 1000.00 g). Pattern: \bcoffee\b(?!.*bean|grounds)|\bespresso\b(?!.*powder|bean).	g	T3	OK	$0.04411/g | source: supplier row: 1 L @ $44.11 = $44.11/L [Chef's Warehouse]
519839	Turmeric (powdered)	1.0000	Kg	4		g	T4	PLACEHOLDER-SUSPECTED	$0.00100/g | source: inline Details: 1 Kg @ $1.00 | PLACEHOLDER-SUSPECTED: RCC entry is "1 Kg @ $1.00" — this is the common stub pattern and likely not real cost data.
519844	Turmeric GMF	244.0000	gal	4	RCC-provided converter: 1 gal 10.1 lb. Derived density 1.2102 g/ml; 1 gal = 4581.28 g.	g	T4	OK	$0.05326/g | source: supplier row: 0.5 gal @ $122.00 = $244.00/gal [Green Mountain Flavors]
574603	V/gf Graham Crackers	1.0000	g	5		g	T5	PLACEHOLDER-SUSPECTED	$1.00000/g | source: inline Details: 1 g @ $1.00 | PLACEHOLDER-SUSPECTED: RCC entry is "1 g @ $1.00" — this is the common stub pattern and likely not real cost data.
509371	Vanilla bean paste	1.0000	floz	3	Volume unit; NO ingredient-specific density and no name-pattern match — defaulted to water-like 1.0 g/ml (1 floz = 29.57 g). **Needs Gus confirmation.**	g	T3	PLACEHOLDER-SUSPECTED	$0.03381/g | source: inline Details: 1 floz @ $1.00 | PLACEHOLDER-SUSPECTED: RCC entry is "1 floz @ $1.00" — this is the common stub pattern and likely not real cost data.
528829	Vegan Butter	3.1300	lb	4		g	T4	OK	$0.00690/g | source: supplier row: 36/1 lb @ $112.67 = $3.13/lb [Chef's Warehouse]
527471	Vegan caramel	5.4700	lb	4		g	T4	OK	$0.01206/g | source: supplier row: 10 lb @ $54.68 = $5.47/lb [Nature's Flavors]
528832	Vegan Chocolate Chips	6.5000	lb	4		g	T4	OK	$0.01433/g | source: supplier row: 4/5 lb @ $129.99 = $6.50/lb [Webstaurant]
599648	vegan cream cheese	1.0000	g	5		g	T5	PLACEHOLDER-SUSPECTED	$1.00000/g | source: inline Details: 1 g @ $1.00 | PLACEHOLDER-SUSPECTED: RCC entry is "1 g @ $1.00" — this is the common stub pattern and likely not real cost data.
574604	Vegan Mini marshmallows	1.0000	oz	4		g	T4	PLACEHOLDER-SUSPECTED	$0.03527/g | source: supplier row: 1 oz @ $1.00 = $1.00/oz [Amazon] | PLACEHOLDER-SUSPECTED: RCC entry is "1 oz @ $1.00" — this is the common stub pattern and likely not real cost data.
528831	Vegan White Chocolate Chips	1.0000	lb	4		g	T4	PLACEHOLDER-SUSPECTED	$0.00220/g | source: inline Details: 1 lb @ $1.00 | PLACEHOLDER-SUSPECTED: RCC entry is "1 lb @ $1.00" — this is the common stub pattern and likely not real cost data.
509397	Vegetable shortening	1.0000	oz	4		g	T4	PLACEHOLDER-SUSPECTED	$0.03527/g | source: inline Details: 1 oz @ $1.00 | PLACEHOLDER-SUSPECTED: RCC entry is "1 oz @ $1.00" — this is the common stub pattern and likely not real cost data.
507022	Violet Syrup	0.5600	floz	3	Volume unit; assumed syrup density 1.33 g/ml (1 floz = 39.33 g). Pattern: \bmaple\b.*\bsyrup\b|\bsyrup\b(?!.*maple flavor).	g	T3	OK	$0.01424/g | source: supplier row: 33.8 floz @ $18.97 = $0.56/floz [Amazon]
509717	Walnuts	7.8000	lb	4		g	T4	OK	$0.01720/g | source: supplier row: 5 lb @ $38.99 = $7.80/lb [US Foods Chefstore]
482245	Water	0.0000	Kg	0		g	T0	ZERO-PRICE	source: inline Details: 1 Kg @ $0.00 | ZERO-PRICE: RCC has $0.00 — confirm with Gus whether this is intentional (water/aquafaba) or missing data.
593311	watermelon puree	1.0000	Kg	4		g	T4	PLACEHOLDER-SUSPECTED	$0.00100/g | source: supplier row: 1 Kg @ $1.00 = $1.00/Kg [Chef's Warehouse] | PLACEHOLDER-SUSPECTED: RCC entry is "1 Kg @ $1.00" — this is the common stub pattern and likely not real cost data.
507267	White chocolate	33.0100	Kg	4		g	T4	OK	$0.03301/g | source: supplier row: 3 Kg @ $99.02 = $33.01/Kg [Chef's Warehouse]
587227	White chocolate kit kats	1.0000	lb	4		g	T4	PLACEHOLDER-SUSPECTED	$0.00220/g | source: inline Details: 1 lb @ $1.00 | PLACEHOLDER-SUSPECTED: RCC entry is "1 lb @ $1.00" — this is the common stub pattern and likely not real cost data.
586504	white peach puree	0.0000	g	0		g	T0	ZERO-PRICE	source: supplier row: 1000 g @ $1.00 = $0.00/g [Chef's Warehouse]
482235	White Sugar	1.0400	lb	4		g	T4	OK	$0.00229/g | source: supplier row: 25 lb @ $25.99 = $1.04/lb [US Foods Chefstore]
510537	White Vinegar	1.0000	floz	4	RCC-provided converter: 0.52 oz 1 tbsp. Derived density 0.9969 g/ml; 1 floz = 29.48 g.	g	T4	PLACEHOLDER-SUSPECTED	$0.03392/g | source: inline Details: 1 floz @ $1.00 | PLACEHOLDER-SUSPECTED: RCC entry is "1 floz @ $1.00" — this is the common stub pattern and likely not real cost data.
576237	Whoppers	1.0000	oz	4		g	T4	PLACEHOLDER-SUSPECTED	$0.03527/g | source: inline Details: 1 oz @ $1.00 | PLACEHOLDER-SUSPECTED: RCC entry is "1 oz @ $1.00" — this is the common stub pattern and likely not real cost data.
509391	Wildflower Honey	3.8200	lb	4		g	T4	OK	$0.00842/g | source: supplier row: 5 lb @ $19.09 = $3.82/lb [US Foods Chefstore]
590684	York Peppermint Patties	1.0000	lb	4		g	T4	PLACEHOLDER-SUSPECTED	$0.00220/g | source: supplier row: 1 lb @ $1.00 = $1.00/lb [Amazon] | PLACEHOLDER-SUSPECTED: RCC entry is "1 lb @ $1.00" — this is the common stub pattern and likely not real cost data.
510295	Zucchini	1.0000	each	1	Count-based unit "each" but no standard weight known for this item; would need Gus-specific weight.	g	T1	PLACEHOLDER-SUSPECTED	source: inline Details: 1 each @ $1.00 | PLACEHOLDER-SUSPECTED: RCC entry is "1 each @ $1.00" — this is the common stub pattern and likely not real cost data. | NEEDS-GUS-WEIGHT: Count-based unit with no standard weight known for this specific item. | Tier 1: pure estimate; $/g not computed without per-item weight.
